-- MySQL dump 10.13  Distrib 5.6.27, for debian-linux-gnu (x86_64)
--
-- Host: localhost    Database: dataservice
-- ------------------------------------------------------
-- Server version	5.6.27-0ubuntu0.15.04.1

/*!40101 SET @OLD_CHARACTER_SET_CLIENT=@@CHARACTER_SET_CLIENT */;
/*!40101 SET @OLD_CHARACTER_SET_RESULTS=@@CHARACTER_SET_RESULTS */;
/*!40101 SET @OLD_COLLATION_CONNECTION=@@COLLATION_CONNECTION */;
/*!40101 SET NAMES utf8 */;
/*!40103 SET @OLD_TIME_ZONE=@@TIME_ZONE */;
/*!40103 SET TIME_ZONE='+00:00' */;
/*!40014 SET @OLD_UNIQUE_CHECKS=@@UNIQUE_CHECKS, UNIQUE_CHECKS=0 */;
/*!40014 SET @OLD_FOREIGN_KEY_CHECKS=@@FOREIGN_KEY_CHECKS, FOREIGN_KEY_CHECKS=0 */;
/*!40101 SET @OLD_SQL_MODE=@@SQL_MODE, SQL_MODE='NO_AUTO_VALUE_ON_ZERO' */;
/*!40111 SET @OLD_SQL_NOTES=@@SQL_NOTES, SQL_NOTES=0 */;

--
-- Table structure for table `developers`
--

DROP TABLE IF EXISTS `developers`;
/*!40101 SET @saved_cs_client     = @@character_set_client */;
/*!40101 SET character_set_client = utf8 */;
CREATE TABLE `developers` (
  `id` int(11) NOT NULL AUTO_INCREMENT,
  `name` varchar(64) NOT NULL,
  `email` varchar(128) DEFAULT NULL,
  `institute_id` int(11) DEFAULT NULL,
  PRIMARY KEY (`id`),
  UNIQUE KEY `email` (`email`),
  KEY `institute_id` (`institute_id`),
  CONSTRAINT `developers_ibfk_1` FOREIGN KEY (`institute_id`) REFERENCES `institutes` (`id`)
) ENGINE=InnoDB AUTO_INCREMENT=90 DEFAULT CHARSET=latin1;
/*!40101 SET character_set_client = @saved_cs_client */;

--
-- Dumping data for table `developers`
--

LOCK TABLES `developers` WRITE;
/*!40000 ALTER TABLE `developers` DISABLE KEYS */;
INSERT INTO `developers` VALUES (1,'Abhijit Mitra','abi_chem@iiit.ac.in',1),(2,'A. D. Sahasrabudhe','ads@coep.ac.in',11),(3,'Amiya Kumar Jana','akjana@che.iitkgp.ernet.in',7),(4,'Anup Kumar Ray','akray@cet.iitkgp.ernet.in',7),(5,'Anoop M. Namboodiri','anoop@iiit.ac.in',1),(6,'Ashok Jhunjhunwala','ashok@iitm.ac.in',8),(7,'A. K. Srivastava','ashokks@dbeb.iitd.ac.in',3),(8,'Azeemuddin Syed','azeemuddin.s@iiit.ac.in',1),(9,'Bhuvaneswari G','bhuvan@ee.iitd.ac.in',3),(10,'B. Krishna Mohan','bkmohan@csre.iitb.ac.in',2),(11,'B. N. Chaudhari','bnc.elec@coep.ac.in',11),(12,'Chittaranjan Mandal','chitta@cse.iitkgp.ernet.in',7),(13,'C.M. Markan','cm.markan@gmail.com',12),(14,'Debkumar Chakrabarti','dc@iitg.ernet.in',5),(15,'Deepalatha S','deepaasubbu@yahoo.com',1),(16,'Soami P. Satsangee','deiusic@gmail.com',12),(17,'U Deva Priyakumar','deva@iiit.ac.in',1),(18,'Debabrata Goswami','dgoswami@iitk.ac.in',6),(19,'S. Dharmaraja','dharmar@maths.iitd.ac.in',3),(20,'Dipti M. Sharma','dipti@iiit.ac.in',1),(21,'D. K. Chaturvedi','dkc.foe@gmail.com',12),(22,'D. N. Sonawane','dns.instru@coep.ac.in',11),(23,'Debasis Samanta','dsamanta@sit.iitkgp.ernet.in',7),(24,'D. W. Pande','dwp.mech@coep.ac.in',11),(25,'P. K. Garg','gargpfce@iitr.ernet.in',4),(26,'Gopal Patil','gpatil@civil.iitb.ac.in',2),(27,'Harshal B. Nemade','harshal@iitg.ernet.in',5),(28,'C.V. Jawahar','jawahar@iiit.ac.in',1),(29,'Jayanti Sivaswamy','jsivaswamy@iiit.ac.in',1),(30,'Kantesh Balani','kbalani@iitk.ac.in',6),(31,'Kishore Kothapalli','kkishore@iiit.ac.in',1),(32,'K. Muralidhar','kmurli@iitk.ac.in',6),(33,'Krishna Vasudevan','krishna@ee.iitm.ac.in',5),(34,'Kushal Sen','kushal@textile.iitd.ernet.in',3),(35,'Gangadharan K V','kvganga@nitk.ac.in',9),(36,'Liza Das','liza@iitg.ernet.in',5),(37,'Marimuthu Krishnan','m.krishnan@iiit.ac.in',1),(38,'Madhav P. Desai','madhav@ee.iitb.ac.in',2),(39,'D P Mishra','mishra@iitk.ac.in',6),(40,'Jaleel Akhtar','mjakhtar@iitk.ac.in',6),(41,'Madhav Krishna','mkrishna@iiit.ac.in',1),(42,'Mahesh P Abegaonkar','mpjosh@care.iitd.ernet.in',3),(43,'Nishchal Verma','nishchal@iitk.ac.in',6),(44,'Nachiketa Tiwari','ntiwari@iitk.ac.in',6),(45,'Sachin Patkar','patkar@ee.iitb.ac.in',2),(46,'P J Narayanan','pjn@iiit.ac.in',1),(47,'Pankaj Jain','pkjain@iiitk.ac.in',6),(48,'Pabitra Kumar Jana','pkjana81@gmail.com',5),(49,'P.K.Mishra','pkm.mech@coep.ac.in',11),(50,'Prabhakar Bhimalapuram','prabhakar.b@iiit.ac.in',1),(51,'Pradeep Yammiyavar','pradeep@iitg.ernet.in',5),(52,'Promod Agarwal','pramgfee@iitr.ernet.in',4),(53,'Praveen Kumar','praveenkumar@iitg.ernet.in',5),(54,'Pruthviraj U','pruthviu@gmail.com',9),(55,'Rahul Swarup Sharma','rahulswarup@rediffmail.com',12),(56,'K.S.Rajan','rajan@iiit.ac.in',1),(57,'Raju Sangam','rajus@research.iiit.ac.in',1),(58,'Pradeep Kumar Ramancharla','ramancharla@iiit.ac.in',1),(59,'Ramgopal Uppaluri','ramgopalu@iitg.ernet.in',5),(60,'Ratnajit Bhattacharjee','ratnajit@iitg.ernet.in',5),(61,'Ranjan Bose','rbose.iitd@gmail.com',3),(62,'Roy Pally','roypaily@iitg.ernet.in',5),(63,'Rohit Sinha','rsinha@iitg.ernet.in',5),(64,'Rajiv Tiwari','rtiwari@iitg.ernet.in',5),(65,'Satyajit Banerjee','satyajit@iitk.ac.in',6),(66,'Suresh Bhalla','sbhalla@civil.iitd.ac.in',3),(67,'S. D. Agashe','sda.instru@coep.ac.in',11),(68,'K. S. Daya','sdayak@gmail.com',12),(69,'S. L. Patil','slp.instru@coep.ac.in',11),(70,'Sudip Misra','smisra@sit.iitkgp.ernet.in',7),(71,'Man Mohan Srivastava','smohanm@rediffmail.com',12),(72,'Shubhajit Roy Chowdhury','src.vlsi@iiit.ac.in',1),(73,'Kannan Srinathan','srinathan@iiit.ac.in',1),(74,'S. S. Anasane','ssa.prod@coep.ac.in',11),(75,'S. S. Agashe','sujata.agashe@yahoo.com',11),(76,'Sukanya Sharma','sukanya@iitg.ernet.in',5),(77,'Suresh Purini','suresh.purini@iiit.ac.in',1),(78,'Tapan Kumar Sau','tapan.sau@iiit.ac.in',1),(79,'U. M. Chaskar','umc.instru@coep.ac.in',11),(80,'T.S.Natarajan','vai.muna@gmail.com',8),(81,'Venkatesh Choppella','venkatesh.choppella@iiit.ac.in',1),(82,'Vidya Shetty K','vidyaks95@nitk.ac.in',9),(83,'Vijaya Sankara Rao','vijay.p@iiit.ac.in',1),(84,'Vikram Pudi','vikram@iiit.ac.in',1),(85,'Vinayak Kulkarni','vinayak@iitg.ernet.in',5),(86,'Vinod Kumar','vinodfee@iitr.ernet.in',4),(87,'K.P.Vittal','vittal_nitk@yahoo.com',9),(88,'Tom Mathew','vmtom @ civil.iitb.ac.in',2),(89,'B. Yegnanarayana','yegna@iiit.ac.in',1);
/*!40000 ALTER TABLE `developers` ENABLE KEYS */;
UNLOCK TABLES;

--
-- Table structure for table `developers_engaged`
--

DROP TABLE IF EXISTS `developers_engaged`;
/*!40101 SET @saved_cs_client     = @@character_set_client */;
/*!40101 SET character_set_client = utf8 */;
CREATE TABLE `developers_engaged` (
  `lab_id` int(11) DEFAULT NULL,
  `developer_id` int(11) DEFAULT NULL,
  KEY `lab_id` (`lab_id`),
  KEY `developer_id` (`developer_id`),
  CONSTRAINT `developers_engaged_ibfk_1` FOREIGN KEY (`lab_id`) REFERENCES `labs` (`id`),
  CONSTRAINT `developers_engaged_ibfk_2` FOREIGN KEY (`developer_id`) REFERENCES `developers` (`id`)
) ENGINE=InnoDB DEFAULT CHARSET=latin1;
/*!40101 SET character_set_client = @saved_cs_client */;

--
-- Dumping data for table `developers_engaged`
--

LOCK TABLES `developers_engaged` WRITE;
/*!40000 ALTER TABLE `developers_engaged` DISABLE KEYS */;
INSERT INTO `developers_engaged` VALUES (1,31),(2,28),(3,28),(4,81),(5,84),(6,84),(7,81),(8,77),(9,72),(10,8),(11,46),(12,89),(13,41),(14,46),(15,29),(16,5),(17,89),(18,20),(19,73),(20,83),(21,8),(22,57),(23,57),(24,57),(25,57),(26,78),(27,78),(28,78),(29,50),(29,17),(30,1),(31,15),(32,37),(33,78),(34,22),(35,79),(36,6),(37,67),(38,75),(39,11),(40,67),(41,2),(42,49),(44,59),(45,38),(46,62),(47,63),(48,53),(49,33),(50,51),(51,36),(52,76),(53,44),(55,19),(56,9),(62,82),(63,54),(64,87),(65,35),(67,3),(69,10),(70,26),(71,18),(72,43),(73,40),(74,30),(75,47),(76,65),(77,68),(166,7),(167,4),(168,23),(169,12),(170,70),(171,80),(172,42),(173,20),(174,57),(175,56);
/*!40000 ALTER TABLE `developers_engaged` ENABLE KEYS */;
UNLOCK TABLES;

--
-- Table structure for table `disciplines`
--

DROP TABLE IF EXISTS `disciplines`;
/*!40101 SET @saved_cs_client     = @@character_set_client */;
/*!40101 SET character_set_client = utf8 */;
CREATE TABLE `disciplines` (
  `id` int(11) NOT NULL AUTO_INCREMENT,
  `name` varchar(128) NOT NULL,
  `discipline_id` varchar(16) NOT NULL,
  `dnc` varchar(64) DEFAULT NULL,
  `dnc_email` varchar(64) DEFAULT NULL,
  PRIMARY KEY (`id`),
  UNIQUE KEY `discipline_id` (`discipline_id`)
) ENGINE=InnoDB AUTO_INCREMENT=15 DEFAULT CHARSET=latin1;
/*!40101 SET character_set_client = @saved_cs_client */;

--
-- Dumping data for table `disciplines`
--

LOCK TABLES `disciplines` WRITE;
/*!40000 ALTER TABLE `disciplines` DISABLE KEYS */;
INSERT INTO `disciplines` VALUES (1,'Aerospace Engineering','aero',NULL,NULL),(2,'Biotechnology and Biomedical Engineering','biotech','Prof. Bipin Nair','bipin@amrita.edu'),(3,'Chemical Engineering','chem-engg','Prof. Santosh Noronha','noronha@che.iitb.ac.in'),(4,'Chemical Sciences','chem','Prof. Soami P Satsangee','deiusic@gmail.com'),(5,'Civil Engineering','civil','Prof. P K Garg','gargpfce@iitr.ernet.in'),(6,'Computer Science and Engineering','cse','Prof. Suresh Purini','suresh.purini@iiit.ac.in'),(7,'Electrical Engineering','ee','Prof. Ratnajit Bhattacharjee','ratnajit@iitg.ernet.in'),(8,'Electronics and Communication','ece','Prof. Mahesh Abegaonkar','mpjosh@care.iitd.ernet.in'),(9,'Humanities','hmt',NULL,NULL),(10,'Mechanical Engineering','mech','Prof. C S Kumar','kumar@mech.iitkgp.ernet.in'),(11,'Physical Sciences','phy-sc','Prof. Anjan Kumar Gupta','anjankg@iitk.ac.in'),(12,'Textile Engineering','tex-engg',NULL,NULL),(13,'Design Engineering','dsgn-engg',NULL,NULL),(14,'Material Sciences','mat-sc',NULL,NULL);
/*!40000 ALTER TABLE `disciplines` ENABLE KEYS */;
UNLOCK TABLES;

--
-- Table structure for table `experiments`
--

DROP TABLE IF EXISTS `experiments`;
/*!40101 SET @saved_cs_client     = @@character_set_client */;
/*!40101 SET character_set_client = utf8 */;
CREATE TABLE `experiments` (
  `id` int(11) NOT NULL AUTO_INCREMENT,
  `name` varchar(256) DEFAULT NULL,
  `lab_id` int(11) DEFAULT NULL,
  `content_url` varchar(256) DEFAULT NULL,
  `content_on_id` int(11) DEFAULT NULL,
  `simulation_url` varchar(256) DEFAULT NULL,
  `simulation_on_id` int(11) DEFAULT NULL,
  PRIMARY KEY (`id`),
  KEY `lab_id` (`lab_id`),
  KEY `content_on_id` (`content_on_id`),
  KEY `simulation_on_id` (`simulation_on_id`),
  CONSTRAINT `experiments_ibfk_1` FOREIGN KEY (`lab_id`) REFERENCES `labs` (`id`),
  CONSTRAINT `experiments_ibfk_2` FOREIGN KEY (`content_on_id`) REFERENCES `hosting_platforms` (`id`),
  CONSTRAINT `experiments_ibfk_3` FOREIGN KEY (`simulation_on_id`) REFERENCES `hosting_platforms` (`id`)
) ENGINE=InnoDB AUTO_INCREMENT=1516 DEFAULT CHARSET=latin1;
/*!40101 SET character_set_client = @saved_cs_client */;

--
-- Dumping data for table `experiments`
--

LOCK TABLES `experiments` WRITE;
/*!40000 ALTER TABLE `experiments` DISABLE KEYS */;
INSERT INTO `experiments` VALUES (1,'Colossal Magneto-Resistive (CMR) effect',162,'http://iitk.vlab.co.in/?sub=27&brch=82&sim=226&cnt=557',4,NULL,4),(2,'L-I and V-I Characteristics of fiber optic LEDs.',161,'http://iitk.vlab.co.in/?sub=27&brch=80&sim=222&cnt=498',4,NULL,4),(3,'Optical Spectral Characteristics of Laser Diodes',161,'http://iitk.vlab.co.in/?sub=27&brch=80&sim=223&cnt=527',4,NULL,4),(4,'Optical Spectral Characteristics of LEDs',161,'http://iitk.vlab.co.in/?sub=27&brch=80&sim=224&cnt=536',4,NULL,4),(5,'Digital Fiber Optic link for different data rates',161,'http://iitk.vlab.co.in/?sub=27&brch=80&sim=225&cnt=547',4,NULL,4),(6,'Familiarity with the night sky',75,'http://iitk.vlab.co.in/?sub=27&brch=83&sim=725&cnt=2',4,'http://iitk.vlab.co.in/?sub=27&brch=83&sim=725&cnt=4',4),(7,'Becoming Familiar with Constellations',75,'http://iitk.vlab.co.in/?sub=27&brch=83&sim=726&cnt=2',4,'http://iitk.vlab.co.in/?sub=27&brch=83&sim=726&cnt=4',4),(8,'Retrograde motion of Mars',75,'http://iitk.vlab.co.in/?sub=27&brch=83&sim=727&cnt=1',4,'http://iitk.vlab.co.in/?sub=27&brch=83&sim=727&cnt=4',4),(9,'Study of Solar spectrum',75,'http://iitk.vlab.co.in/?sub=27&brch=83&sim=796&cnt=1',4,'http://iitk.vlab.co.in/?sub=27&brch=83&sim=796&cnt=4',4),(10,'Spectral classification of stars',75,'http://iitk.vlab.co.in/?sub=27&brch=83&sim=797&cnt=1',4,'http://iitk.vlab.co.in/?sub=27&brch=83&sim=797&cnt=4',4),(11,'Extracting position of a Star',75,'http://iitk.vlab.co.in/?sub=27&brch=83&sim=1217&cnt=1',4,'http://iitk.vlab.co.in/?sub=27&brch=83&sim=1217&cnt=4',4),(12,'Astronomical distances using Cepheid variables',75,'http://iitk.vlab.co.in/?sub=27&brch=83&sim=1218&cnt=1',4,'http://iitk.vlab.co.in/?sub=27&brch=83&sim=1218&cnt=4',4),(13,'Proper Motion of Barnard\'s Star',75,'http://iitk.vlab.co.in/?sub=27&brch=83&sim=1219&cnt=1',4,'http://iitk.vlab.co.in/?sub=27&brch=83&sim=1219&cnt=4',4),(14,'Identification of a Circumpolar Star',75,'http://iitk.vlab.co.in/?sub=27&brch=83&sim=1220&cnt=1',4,'http://iitk.vlab.co.in/?sub=27&brch=83&sim=1220&cnt=4',4),(15,'Colour Magnitude Diagram',75,'http://iitk.vlab.co.in/?sub=27&brch=83&sim=1571&cnt=1',4,'http://iitk.vlab.co.in/?sub=27&brch=83&sim=1571&cnt=4',4),(16,'Orbital Inclination',75,'http://iitk.vlab.co.in/?sub=27&brch=83&sim=1572&cnt=1',4,'http://iitk.vlab.co.in/?sub=27&brch=83&sim=1572&cnt=4',4),(17,'Planetary Distances',75,'http://iitk.vlab.co.in/?sub=27&brch=83&sim=1573&cnt=1',4,'http://iitk.vlab.co.in/?sub=27&brch=83&sim=1573&cnt=4',4),(18,'Distance to the Moon',75,'http://iitk.vlab.co.in/?sub=27&brch=83&sim=1574&cnt=1',4,'http://iitk.vlab.co.in/?sub=27&brch=83&sim=1574&cnt=4',4),(19,'Observer Location Determination  (Under Constructi',75,'http://iitk.vlab.co.in/?sub=27&brch=83&sim=1575&cnt=1',4,'http://iitk.vlab.co.in/?sub=27&brch=83&sim=1575&cnt=4',4),(20,'Few important things to DO befor going to the expe',76,'http://iitk.vlab.co.in/?sub=27&brch=236&sim=1275&cnt=2598',4,NULL,4),(21,'Philosophy',76,'http://iitk.vlab.co.in/?sub=27&brch=236&sim=1274&cnt=2617',4,NULL,4),(22,'Simple Harmonic Motion',76,'http://iitk.vlab.co.in/?sub=27&brch=236&sim=1209&cnt=1',4,NULL,4),(23,'Damped Harmonic Motion',76,'http://iitk.vlab.co.in/?sub=27&brch=236&sim=1210&cnt=1',4,NULL,4),(24,'LC Circuit',76,'http://iitk.vlab.co.in/?sub=27&brch=236&sim=1211&cnt=1',4,'http://iitk.vlab.co.in/?sub=27&brch=236&sim=1211&cnt=4',4),(25,'LCR Circuit',76,'http://iitk.vlab.co.in/?sub=27&brch=236&sim=1212&cnt=1',4,'http://iitk.vlab.co.in/?sub=27&brch=236&sim=1212&cnt=4',4),(26,'Resonance in LCR Circuit',76,'http://iitk.vlab.co.in/?sub=27&brch=236&sim=1213&cnt=1',4,'http://iitk.vlab.co.in/?sub=27&brch=236&sim=1213&cnt=4',4),(27,'Coupled Harmonic Oscillator',76,'http://iitk.vlab.co.in/?sub=27&brch=236&sim=1214&cnt=1',4,'http://iitk.vlab.co.in/?sub=27&brch=236&sim=1214&cnt=4',4),(28,'Nonlinear Oscillator',76,'http://iitk.vlab.co.in/?sub=27&brch=236&sim=1215&cnt=1',4,'http://iitk.vlab.co.in/?sub=27&brch=236&sim=1215&cnt=4',4),(29,'Nonlinear Damped Oscillator',76,'http://iitk.vlab.co.in/?sub=27&brch=236&sim=1216&cnt=1',4,'http://iitk.vlab.co.in/?sub=27&brch=236&sim=1216&cnt=4',4),(30,'Creep Transient Based on  Material Selection (Pt/M',74,'http://home.iitk.ac.in/~kbalani/vl-kb/exp1.html',4,NULL,4),(31,'Selection of Obstacle Distance (?, grain boundary',74,'http://home.iitk.ac.in/~kbalani/vl-kb/exp2.html',4,NULL,4),(32,'Selection of Obstacle Density (?,number of grains/',74,'http://home.iitk.ac.in/~kbalani/vl-kb/exp3.html',4,NULL,4),(33,'Hardness & Modulus',74,'http://home.iitk.ac.in/~kbalani/vl-kb/modulus.html',4,NULL,4),(34,'Indent Depth',74,'http://home.iitk.ac.in/~kbalani/vl-kb/indent%20depth.html',4,NULL,4),(35,'Plastic Work',74,'http://home.iitk.ac.in/~kbalani/vl-kb/plastic.html',4,NULL,4),(36,'Contact Angle  Measurement',74,'http://home.iitk.ac.in/~kbalani/vl-kb/Contact%20angle%20Measurement.html',4,NULL,4),(37,'To Image the Cytoskeleton of Cells Proliferation O',74,'http://home.iitk.ac.in/~kbalani/vl-kb/fmbs.html',4,NULL,4),(38,'To Image the Nucleus of Cells Proliferation On  Bi',74,'http://home.iitk.ac.in/~kbalani/vl-kb/fmbs2.html',4,NULL,4),(39,'Ionic Conductivity YSZ Electrolyte Material For so',74,'http://home.iitk.ac.in/~kbalani/vl-kb/Ic1.html',4,NULL,4),(40,'Introduction to FPGA and Verilog Programming',34,'http://coep.vlab.co.in/?sub=29&brch=88&sim=228&cnt=334',4,'http://coep.vlab.co.in/?sub=29&brch=88&sim=228&cnt=339',4),(41,'Introduction to Verilog Abstraction Levels',34,'http://coep.vlab.co.in/?sub=29&brch=88&sim=1407&cnt=3001',4,'http://coep.vlab.co.in/?sub=29&brch=88&sim=1407&cnt=3003',4),(42,'Fixed Point Arithmetic Operations and Logical Oper',34,'http://coep.vlab.co.in/?sub=29&brch=88&sim=229&cnt=345',4,'http://coep.vlab.co.in/?sub=29&brch=88&sim=229&cnt=348',4),(43,'Floating Point Arithmetic Operations',34,'http://coep.vlab.co.in/?sub=29&brch=88&sim=500&cnt=2177',4,'http://coep.vlab.co.in/?sub=29&brch=88&sim=500&cnt=4',4),(44,'Logarithmic Number System (LNS) Based Arithmetic O',34,'http://coep.vlab.co.in/?sub=29&brch=88&sim=1353&cnt=2830',4,'http://coep.vlab.co.in/?sub=29&brch=88&sim=1353&cnt=4',4),(45,'Linear Matrix Algebra',34,'http://coep.vlab.co.in/?sub=29&brch=88&sim=481&cnt=699',4,'http://coep.vlab.co.in/?sub=29&brch=88&sim=481&cnt=702',4),(46,'Linear Equation Solver',34,'http://coep.vlab.co.in/?sub=29&brch=88&sim=482&cnt=708',4,'http://coep.vlab.co.in/?sub=29&brch=88&sim=482&cnt=711',4),(47,'Pulse-Width Modulation (PWM) Generation Using FPGA',34,'http://coep.vlab.co.in/?sub=29&brch=88&sim=1356&cnt=2834',4,'http://coep.vlab.co.in/?sub=29&brch=88&sim=1356&cnt=4',4),(48,'Architectural Design Approach',34,'http://coep.vlab.co.in/?sub=29&brch=88&sim=1036&cnt=1886',4,'http://coep.vlab.co.in/?sub=29&brch=88&sim=1036&cnt=4',4),(49,'Designing of Reconfigurable Architecture for PID C',34,'http://coep.vlab.co.in/?sub=29&brch=88&sim=1312&cnt=2723',4,'http://coep.vlab.co.in/?sub=29&brch=88&sim=1312&cnt=4',4),(50,'Characterize the temperature sensor (RTD)',37,'http://coep.vlab.co.in/?sub=33&brch=91&sim=421&cnt=461',4,'http://coep.vlab.co.in/?sub=33&brch=91&sim=421&cnt=4',4),(51,'Characterize the temperature sensor (Thermocouple)',37,'http://coep.vlab.co.in/?sub=33&brch=91&sim=422&cnt=465',4,'http://coep.vlab.co.in/?sub=33&brch=91&sim=422&cnt=4',4),(52,'Measurement of level in a tank using capacitive ty',37,'http://coep.vlab.co.in/?sub=33&brch=91&sim=449&cnt=602',4,'http://coep.vlab.co.in/?sub=33&brch=91&sim=449&cnt=4',4),(53,'Characterize the LVDT',37,'http://coep.vlab.co.in/?sub=33&brch=91&sim=448&cnt=1843',4,'http://coep.vlab.co.in/?sub=33&brch=91&sim=448&cnt=4',4),(54,'Characterize the strain gauge sensor',37,'http://coep.vlab.co.in/?sub=33&brch=91&sim=423&cnt=469',4,'http://coep.vlab.co.in/?sub=33&brch=91&sim=423&cnt=4',4),(55,'Simulate the performance of a chemical sensor',37,'http://coep.vlab.co.in/?sub=33&brch=91&sim=451&cnt=1618',4,'http://coep.vlab.co.in/?sub=33&brch=91&sim=451&cnt=1405',4),(56,'Simulate the performance of a bio-sensor',37,'http://coep.vlab.co.in/?sub=33&brch=91&sim=450&cnt=606',4,'http://coep.vlab.co.in/?sub=33&brch=91&sim=450&cnt=4',4),(57,'Design an orifice plate for a typical application',37,'http://coep.vlab.co.in/?sub=33&brch=91&sim=452&cnt=1616',4,'http://coep.vlab.co.in/?sub=33&brch=91&sim=452&cnt=4',4),(58,'Study hardware and software platforms for DCS',38,'http://coep.vlab.co.in/?sub=33&brch=93&sim=425&cnt=473',4,NULL,4),(59,'Simulate analog and digital function blocks',38,'http://coep.vlab.co.in/?sub=33&brch=93&sim=440&cnt=575',4,'http://coep.vlab.co.in/?sub=33&brch=93&sim=440&cnt=4',4),(60,'Study, understand and perform experiments on timer',38,'http://coep.vlab.co.in/?sub=33&brch=93&sim=441&cnt=582',4,'http://coep.vlab.co.in/?sub=33&brch=93&sim=441&cnt=4',4),(61,'Logic implementation for traffic Control Applicati',38,'http://coep.vlab.co.in/?sub=33&brch=93&sim=442&cnt=586',4,'http://coep.vlab.co.in/?sub=33&brch=93&sim=442&cnt=4',4),(62,'Logic implementation for Bottle Filling Applicatio',38,'http://coep.vlab.co.in/?sub=33&brch=93&sim=444&cnt=590',4,'http://coep.vlab.co.in/?sub=33&brch=93&sim=444&cnt=4',4),(63,'Tune PID controller for heat exchanger using DCS',38,'http://coep.vlab.co.in/?sub=33&brch=93&sim=445&cnt=594',4,'http://coep.vlab.co.in/?sub=33&brch=93&sim=445&cnt=4',4),(64,'FBD for autoclavable laboratory fermentor',38,'http://coep.vlab.co.in/?sub=33&brch=93&sim=446&cnt=1771',4,'http://coep.vlab.co.in/?sub=33&brch=93&sim=446&cnt=4',4),(65,'Develop graphical user interface for the fermentor',38,'http://coep.vlab.co.in/?sub=33&brch=93&sim=447&cnt=1775',4,NULL,4),(66,'Load Test On  Separately Excited DC Motor',39,'http://coep.vlab.co.in/?sub=33&brch=95&sim=1043&cnt=3008',4,'http://coep.vlab.co.in/?sub=33&brch=95&sim=1043&cnt=4',4),(67,'Speed Control of  Separately Excited DC Motor',39,'http://coep.vlab.co.in/?sub=33&brch=95&sim=1042&cnt=3010',4,'http://coep.vlab.co.in/?sub=33&brch=95&sim=1042&cnt=4',4),(68,'No Load Test on Three Phase Induction Motor',39,'http://coep.vlab.co.in/?sub=33&brch=95&sim=1037&cnt=3011',4,'http://coep.vlab.co.in/?sub=33&brch=95&sim=1037&cnt=4',4),(69,'Blocked Rotor Test on Three Phase Induction Motor',39,'http://coep.vlab.co.in/?sub=33&brch=95&sim=1039&cnt=3012',4,'http://coep.vlab.co.in/?sub=33&brch=95&sim=1039&cnt=4',4),(70,'Open Circuit Test on Three Phase Alternator',39,'http://coep.vlab.co.in/?sub=33&brch=95&sim=1040&cnt=3013',4,'http://coep.vlab.co.in/?sub=33&brch=95&sim=1040&cnt=4',4),(71,'Short Circuit Test on Three Phase Alternator',39,'http://coep.vlab.co.in/?sub=33&brch=95&sim=1408&cnt=3014',4,'http://coep.vlab.co.in/?sub=33&brch=95&sim=1408&cnt=4',4),(72,'Load Test on Three Phase Alternator',39,'http://coep.vlab.co.in/?sub=33&brch=95&sim=1409&cnt=3017',4,'http://coep.vlab.co.in/?sub=33&brch=95&sim=1409&cnt=4',4),(73,'V and  Inverted V curves of Synchronous Motor',39,'http://coep.vlab.co.in/?sub=33&brch=95&sim=1410&cnt=3020',4,'http://coep.vlab.co.in/?sub=33&brch=95&sim=1410&cnt=4',4),(74,'Study hardware and software used in PLC',40,'http://coep.vlab.co.in/?sub=33&brch=97&sim=388&cnt=342',4,NULL,4),(75,'Implementation of Logic gates',40,'http://coep.vlab.co.in/?sub=33&brch=97&sim=389&cnt=368',4,'http://coep.vlab.co.in/?sub=33&brch=97&sim=389&cnt=4',4),(76,'Develop a ladder program for DOL starter',40,'http://coep.vlab.co.in/?sub=33&brch=97&sim=393&cnt=373',4,'http://coep.vlab.co.in/?sub=33&brch=97&sim=393&cnt=4',4),(77,'Develop an application using On-Delay timer.',40,'http://coep.vlab.co.in/?sub=33&brch=97&sim=394&cnt=378',4,'http://coep.vlab.co.in/?sub=33&brch=97&sim=394&cnt=4',4),(78,'Develop an application using OFF Delay Timer',40,'http://coep.vlab.co.in/?sub=33&brch=97&sim=395&cnt=386',4,'http://coep.vlab.co.in/?sub=33&brch=97&sim=395&cnt=4',4),(79,'Develop an application using UP/DOWN counter',40,'http://coep.vlab.co.in/?sub=33&brch=97&sim=396&cnt=387',4,'http://coep.vlab.co.in/?sub=33&brch=97&sim=396&cnt=4',4),(80,'Implementation of PLC Arithmatic instructions',40,'http://coep.vlab.co.in/?sub=33&brch=97&sim=398&cnt=2548',4,'http://coep.vlab.co.in/?sub=33&brch=97&sim=398&cnt=4',4),(81,'Study of PID controller instruction for a pilot pl',40,'http://coep.vlab.co.in/?sub=33&brch=97&sim=397&cnt=2422',4,'http://coep.vlab.co.in/?sub=33&brch=97&sim=397&cnt=4',4),(82,'MI of Connecting Rod',41,'http://coep.vlab.co.in/?sub=34&brch=101&sim=958&cnt=1810',4,'http://coep.vlab.co.in/?sub=34&brch=101&sim=958&cnt=4',4),(83,'Impact test on cantilever Modal analysis',41,'http://coep.vlab.co.in/?sub=34&brch=101&sim=957&cnt=1809',4,'http://coep.vlab.co.in/?sub=34&brch=101&sim=957&cnt=4',4),(84,'Sine Sweep of base excitation of cantilever',41,'http://coep.vlab.co.in/?sub=34&brch=101&sim=956&cnt=1808',4,'http://coep.vlab.co.in/?sub=34&brch=101&sim=956&cnt=4',4),(85,'Forced response of SDOF',41,'http://coep.vlab.co.in/?sub=34&brch=101&sim=955&cnt=1807',4,'http://coep.vlab.co.in/?sub=34&brch=101&sim=955&cnt=4',4),(86,'Free response of SDOF',41,'http://coep.vlab.co.in/?sub=34&brch=101&sim=954&cnt=1805',4,'http://coep.vlab.co.in/?sub=34&brch=101&sim=954&cnt=4',4),(87,'Trifiliar Suspension',41,'http://coep.vlab.co.in/?sub=34&brch=101&sim=1088&cnt=2103',4,'http://coep.vlab.co.in/?sub=34&brch=101&sim=1088&cnt=4',4),(88,'SDOF System - Arbitrary Excitation',41,'http://coep.vlab.co.in/?sub=34&brch=101&sim=1614&cnt=3397',4,'http://coep.vlab.co.in/?sub=34&brch=101&sim=1614&cnt=4',4),(89,'Tuned Vibration Absorber',41,'http://coep.vlab.co.in/?sub=34&brch=101&sim=1632&cnt=3427',4,'http://coep.vlab.co.in/?sub=34&brch=101&sim=1632&cnt=4',4),(90,'To study pulsed-heating of materials',42,'http://coep.vlab.co.in/?sub=34&brch=105&sim=236&cnt=1079',4,'http://coep.vlab.co.in/?sub=34&brch=105&sim=236&cnt=4',4),(91,'To study erosion mechanism from Lazarenko\'s model',42,'http://coep.vlab.co.in/?sub=34&brch=105&sim=237&cnt=1121',4,'http://coep.vlab.co.in/?sub=34&brch=105&sim=237&cnt=4',4),(92,'To study various thermal models for EDM',42,'http://coep.vlab.co.in/?sub=34&brch=105&sim=238&cnt=1126',4,'http://coep.vlab.co.in/?sub=34&brch=105&sim=238&cnt=4',4),(93,'To study influence of process parameters on the Wi',42,'http://coep.vlab.co.in/?sub=34&brch=105&sim=1028&cnt=2217',4,'http://coep.vlab.co.in/?sub=34&brch=105&sim=1028&cnt=4',4),(94,'Laser hardening using NdYAG laser system',42,'http://coep.vlab.co.in/?sub=34&brch=105&sim=1160&cnt=2231',4,'http://coep.vlab.co.in/?sub=34&brch=105&sim=1160&cnt=4',4),(95,'Laser spot welding using NdYAG laser system',42,'http://coep.vlab.co.in/?sub=34&brch=105&sim=1161&cnt=2236',4,'http://coep.vlab.co.in/?sub=34&brch=105&sim=1161&cnt=4',4),(96,'Study of Electrochemical machining process',42,'http://coep.vlab.co.in/?sub=34&brch=105&sim=1423&cnt=3064',4,'http://coep.vlab.co.in/?sub=34&brch=105&sim=1423&cnt=4',4),(97,'Study the effect of process parameters in electroc',42,'http://coep.vlab.co.in/?sub=34&brch=105&sim=1424&cnt=3073',4,'http://coep.vlab.co.in/?sub=34&brch=105&sim=1424&cnt=4',4),(98,'Computer Controlled Cutting of wooden object',43,'http://fab-coep.base1.vlabs.ac.in/exp1/Theory.html?domain=Mechanical%20Engineering&lab=Welcome%20to%20FAB%20laboratory!',4,'http://fab-coep.base1.vlabs.ac.in/exp1/Simulator.html?domain=Mechanical%20Engineering&lab=FAB%20laboratory',4),(99,'3D Machining',43,'http://fab-coep.base1.vlabs.ac.in/exp2/Theory.html?domain=Mechanical%20Engineering&lab=Welcome%20to%20FAB%20laboratory!',4,'http://fab-coep.base1.vlabs.ac.in/exp2/Simulator.html?domain=Mechanical%20Engineering&lab=FAB%20laboratory',4),(100,'PCB design & fabrication',43,'http://fab-coep.base1.vlabs.ac.in/exp3/Theory.html?domain=Mechanical%20Engineering&lab=Welcome%20to%20FAB%20laboratory!',4,'http://fab-coep.base1.vlabs.ac.in/exp3/Simulator.html?domain=Mechanical%20Engineering&lab=FAB%20laboratory',4),(101,'Interface & Application Programming',43,'http://fab-coep.base1.vlabs.ac.in/exp4/Theory.html?domain=Mechanical%20Engineering&lab=Welcome%20to%20FAB%20laboratory!',4,'http://fab-coep.base1.vlabs.ac.in/exp4/Simulator.html?domain=Mechanical%20Engineering&lab=FAB%20laboratory',4),(102,'Digital Fabrication of Flexible Circuit board.',43,'http://fab-coep.base1.vlabs.ac.in/exp5/Theory.html?domain=Mechanical%20Engineering&lab=Welcome%20to%20FAB%20laboratory!',4,'http://fab-coep.base1.vlabs.ac.in/exp5/Simulator.html?domain=Mechanical%20Engineering&lab=FAB%20laboratory',4),(103,'3D scanning',43,'http://fab-coep.base1.vlabs.ac.in/exp6/Theory.html?domain=Mechanical%20Engineering&lab=Welcome%20to%20FAB%20laboratory!',4,'http://fab-coep.base1.vlabs.ac.in/exp6/Simulator.html?domain=Mechanical%20Engineering&lab=FAB%20laboratory',4),(104,'Molding and Casting of Polyurethane parts.',43,'http://fab-coep.base1.vlabs.ac.in/exp7/Theory.html?domain=Mechanical%20Engineering&lab=Welcome%20to%20FAB%20laboratory!',4,'http://fab-coep.base1.vlabs.ac.in/exp7/Procedure.html?domain=Mechanical%20Engineering&lab=FAB%20laboratory',4),(105,'Digital Fabrication and Project Development',43,'http://fab-coep.base1.vlabs.ac.in/exp8/Theory.html?domain=Mechanical%20Engineering&lab=Welcome%20to%20FAB%20laboratory!',4,'http://fab-coep.base1.vlabs.ac.in/exp8/Procedure.html?domain=Mechanical%20Engineering&lab=FAB%20laboratory',4),(106,'To simulate Electrocardiogram Waveform',35,'http://coep.vlab.co.in/?sub=25&brch=78&sim=219&cnt=391',4,'http://coep.vlab.co.in/?sub=25&brch=78&sim=219&cnt=4',4),(107,'To simulate Electroencephalogram Signal',35,'http://coep.vlab.co.in/?sub=25&brch=78&sim=220&cnt=4',4,'http://coep.vlab.co.in/?sub=25&brch=78&sim=220&cnt=4',4),(108,'To simulate Electromyogram Signal',35,'http://coep.vlab.co.in/?sub=25&brch=78&sim=221&cnt=415',4,'http://coep.vlab.co.in/?sub=25&brch=78&sim=221&cnt=4',4),(109,'To Simulate Defibrillator',35,'http://coep.vlab.co.in/?sub=25&brch=78&sim=794&cnt=1389',4,'http://coep.vlab.co.in/?sub=25&brch=78&sim=794&cnt=4',4),(110,'To simulate Pacemaker',35,'http://coep.vlab.co.in/?sub=25&brch=78&sim=793&cnt=1385',4,'http://coep.vlab.co.in/?sub=25&brch=78&sim=793&cnt=4',4),(111,'To simulate Haemodialysis Machine',35,'http://coep.vlab.co.in/?sub=25&brch=78&sim=1124&cnt=2191',4,'http://coep.vlab.co.in/?sub=25&brch=78&sim=1124&cnt=4',4),(112,'To simulate Motor Nerve Conduction Velocity',35,'http://coep.vlab.co.in/?sub=25&brch=78&sim=795&cnt=1394',4,'http://coep.vlab.co.in/?sub=25&brch=78&sim=795&cnt=4',4),(113,'To simulate Biopotential Amplifier',35,'http://coep.vlab.co.in/?sub=25&brch=78&sim=1135&cnt=2199',4,'http://coep.vlab.co.in/?sub=25&brch=78&sim=1135&cnt=4',4),(114,'To simulate ECG Pulse missing detector',35,'http://coep.vlab.co.in/?sub=25&brch=78&sim=1136&cnt=2203',4,'http://coep.vlab.co.in/?sub=25&brch=78&sim=1136&cnt=4',4),(115,'To simulate 12 Lead Ecg Signals',35,'http://coep.vlab.co.in/?sub=25&brch=78&sim=1221&cnt=2382',4,'http://coep.vlab.co.in/?sub=25&brch=78&sim=1221&cnt=4',4),(116,'Design and Simulate Various Comparators and Multip',36,'http://coep.vlab.co.in/?sub=28&brch=81&sim=1231&cnt=2995',4,'http://coep.vlab.co.in/?sub=28&brch=81&sim=1231&cnt=2507',4),(117,'Design and Simulate Astable and Monostable Multivi',36,'http://coep.vlab.co.in/?sub=28&brch=81&sim=1230&cnt=2464',4,'http://coep.vlab.co.in/?sub=28&brch=81&sim=1230&cnt=4',4),(118,'Design and Simulate Analog to Digital Converter an',36,'http://coep.vlab.co.in/?sub=28&brch=81&sim=626&cnt=1092',4,'http://coep.vlab.co.in/?sub=28&brch=81&sim=626&cnt=4',4),(119,'Design and Simulation of Decoders, Encoders, Multi',36,'http://coep.vlab.co.in/?sub=28&brch=81&sim=609&cnt=1075',4,'http://coep.vlab.co.in/?sub=28&brch=81&sim=609&cnt=4',4),(120,'Design and Simulation of Arithmetic Logic Unit',36,'http://coep.vlab.co.in/?sub=28&brch=81&sim=604&cnt=1071',4,'http://coep.vlab.co.in/?sub=28&brch=81&sim=604&cnt=4',4),(121,'Design and Simulation of Various Counters and Shif',36,'http://coep.vlab.co.in/?sub=28&brch=81&sim=402&cnt=410',4,'http://coep.vlab.co.in/?sub=28&brch=81&sim=402&cnt=4',4),(122,'Design and Simulate Various Code Converters',36,'http://coep.vlab.co.in/?sub=28&brch=81&sim=401&cnt=396',4,'http://coep.vlab.co.in/?sub=28&brch=81&sim=401&cnt=4',4),(123,'Design and Implementation of Various Arithmetic Ci',36,'http://coep.vlab.co.in/?sub=28&brch=81&sim=399&cnt=383',4,'http://coep.vlab.co.in/?sub=28&brch=81&sim=399&cnt=4',4),(124,'Locating the chromosome of a Gene',114,'http://amrita.vlab.co.in/index.php?sub=3&brch=273&sim=1429&cnt=1',4,'http://amrita.vlab.co.in/index.php?sub=3&brch=273&sim=1429&cnt=4',4),(125,'Retrieve gene expression data from GEO',114,'http://amrita.vlab.co.in/index.php?sub=3&brch=273&sim=1452&cnt=1',4,'http://amrita.vlab.co.in/index.php?sub=3&brch=273&sim=1452&cnt=4',4),(126,'Retrieving articles using PubMed',114,'http://amrita.vlab.co.in/index.php?sub=3&brch=273&sim=1442&cnt=1',4,'http://amrita.vlab.co.in/index.php?sub=3&brch=273&sim=1442&cnt=4',4),(127,'Finding ORF of a Given Sequence',114,'http://amrita.vlab.co.in/index.php?sub=3&brch=273&sim=1432&cnt=1',4,'http://amrita.vlab.co.in/index.php?sub=3&brch=273&sim=1432&cnt=4',4),(128,'Retrieving structural data of a protein using PDB',114,'http://amrita.vlab.co.in/index.php?sub=3&brch=273&sim=1440&cnt=1',4,'http://amrita.vlab.co.in/index.php?sub=3&brch=273&sim=1440&cnt=4',4),(129,'Retrieving Motif Information of a Protein Using Pr',114,'http://amrita.vlab.co.in/index.php?sub=3&brch=273&sim=1426&cnt=1',4,'http://amrita.vlab.co.in/index.php?sub=3&brch=273&sim=1426&cnt=4',4),(130,'Retrieving Gene Information from TAIR database',114,'http://amrita.vlab.co.in/index.php?sub=3&brch=273&sim=1435&cnt=1',4,'http://amrita.vlab.co.in/index.php?sub=3&brch=273&sim=1435&cnt=4',4),(131,'Designing a primer',114,'http://amrita.vlab.co.in/index.php?sub=3&brch=273&sim=1501&cnt=1',4,'http://amrita.vlab.co.in/index.php?sub=3&brch=273&sim=1501&cnt=4',4),(132,'Angle of the prism using Spectrometer',115,'http://amrita.vlab.co.in/?sub=1&brch=281&sim=1508&cnt=1',4,'http://amrita.vlab.co.in/?sub=1&brch=281&sim=1508&cnt=4',4),(133,'Spectrometer i-i\' curve',115,'http://amrita.vlab.co.in/?sub=1&brch=281&sim=1516&cnt=1',4,'http://amrita.vlab.co.in/?sub=1&brch=281&sim=1516&cnt=4',4),(134,'Spectrometer: i-d curve',115,'http://amrita.vlab.co.in/?sub=1&brch=281&sim=1515&cnt=1',4,'http://amrita.vlab.co.in/?sub=1&brch=281&sim=1515&cnt=4',4),(135,'Spectrometer- Determination of Cauchy\'s constants',115,'http://amrita.vlab.co.in/?sub=1&brch=281&sim=1514&cnt=1',4,'http://amrita.vlab.co.in/?sub=1&brch=281&sim=1514&cnt=4',4),(136,'Spectrometer, Refractive Index of the material of',115,'http://amrita.vlab.co.in/?sub=1&brch=281&sim=1513&cnt=1',4,'http://amrita.vlab.co.in/?sub=1&brch=281&sim=1513&cnt=4',4),(137,'Spectrometer,Dispersive power of a prism',115,'http://amrita.vlab.co.in/?sub=1&brch=281&sim=851&cnt=1',4,'http://amrita.vlab.co.in/?sub=1&brch=281&sim=851&cnt=4',4),(138,'Diffraction Grating',115,'http://amrita.vlab.co.in/?sub=1&brch=281&sim=334&cnt=1',4,'http://amrita.vlab.co.in/?sub=1&brch=281&sim=334&cnt=4',4),(139,'Characteristics of Zener diode',116,'http://amrita.vlab.co.in/?sub=1&brch=282&sim=1522&cnt=1',4,'http://amrita.vlab.co.in/?sub=1&brch=282&sim=1522&cnt=4',4),(140,'Characteristics of Thermistor',116,'http://amrita.vlab.co.in/?sub=1&brch=282&sim=1511&cnt=1',4,'http://amrita.vlab.co.in/?sub=1&brch=282&sim=1511&cnt=4',4),(141,'Resistivity by Four Probe Method',116,'http://amrita.vlab.co.in/?sub=1&brch=282&sim=1512&cnt=1',4,'http://amrita.vlab.co.in/?sub=1&brch=282&sim=1512&cnt=4',4),(142,'B-H Curve',116,'http://amrita.vlab.co.in/?sub=1&brch=282&sim=1507&cnt=1',4,'http://amrita.vlab.co.in/?sub=1&brch=282&sim=1507&cnt=4',4),(143,'Hall effect experiment:- Determination of charge c',116,'http://amrita.vlab.co.in/?sub=1&brch=282&sim=879&cnt=1',4,'http://amrita.vlab.co.in/?sub=1&brch=282&sim=879&cnt=4',4),(144,'Cornus Experiment',116,'http://amrita.vlab.co.in/?sub=1&brch=282&sim=1005&cnt=1',4,'http://amrita.vlab.co.in/?sub=1&brch=282&sim=1005&cnt=4',4),(145,'Zener Diode as Voltage Regulator',116,'http://amrita.vlab.co.in/?sub=1&brch=282&sim=1207&cnt=1',4,'http://amrita.vlab.co.in/?sub=1&brch=282&sim=1207&cnt=4',4),(146,'Crystal Structure',116,'http://amrita.vlab.co.in/?sub=1&brch=282&sim=370&cnt=1',4,'http://amrita.vlab.co.in/?sub=1&brch=282&sim=370&cnt=4',4),(147,'Global alignment of two sequences - Needleman-Wuns',117,'http://amrita.vlab.co.in/index.php?sub=3&brch=274&sim=1431&cnt=1',4,'http://amrita.vlab.co.in/index.php?sub=3&brch=274&sim=1431&cnt=4',4),(148,'Smith-Waterman Algorithm - Local Alignment of Sequ',117,'http://amrita.vlab.co.in/index.php?sub=3&brch=274&sim=1433&cnt=1',4,'http://amrita.vlab.co.in/index.php?sub=3&brch=274&sim=1433&cnt=4',4),(149,'Pairwise Sequence Alignment using BLAST',117,'http://amrita.vlab.co.in/index.php?sub=3&brch=274&sim=1428&cnt=1',4,'http://amrita.vlab.co.in/index.php?sub=3&brch=274&sim=1428&cnt=4',4),(150,'Pairwise sequence alignment using FASTA',117,'http://amrita.vlab.co.in/index.php?sub=3&brch=274&sim=1434&cnt=1',4,'http://amrita.vlab.co.in/index.php?sub=3&brch=274&sim=1434&cnt=4',4),(151,'Aligning Multiple Sequences with CLUSTAL W',117,'http://amrita.vlab.co.in/index.php?sub=3&brch=274&sim=1438&cnt=1',4,'http://amrita.vlab.co.in/index.php?sub=3&brch=274&sim=1438&cnt=4',4),(152,'Construction of Cladogram',117,'http://amrita.vlab.co.in/index.php?sub=3&brch=274&sim=1453&cnt=1',4,'http://amrita.vlab.co.in/index.php?sub=3&brch=274&sim=1453&cnt=4',4),(153,'Phylogenetic Analysis using PHYLIP - Rooted trees',117,'http://amrita.vlab.co.in/index.php?sub=3&brch=274&sim=1444&cnt=1',4,'http://amrita.vlab.co.in/index.php?sub=3&brch=274&sim=1444&cnt=4',4),(154,'Phylogenetic Analysis using PHYLIP - Unrooted tree',117,'http://amrita.vlab.co.in/index.php?sub=3&brch=274&sim=1447&cnt=1',4,'http://amrita.vlab.co.in/index.php?sub=3&brch=274&sim=1447&cnt=4',4),(155,'Genome Annotation and Multiple Sequence Allignment',117,'http://amrita.vlab.co.in/index.php?sub=3&brch=274&sim=1500&cnt=1',4,'http://amrita.vlab.co.in/index.php?sub=3&brch=274&sim=1500&cnt=4',4),(156,'Visualizing the Secondary Structure of a Protein',118,'http://amrita.vlab.co.in/index.php?sub=3&brch=275&sim=1427&cnt=1',4,'http://amrita.vlab.co.in/index.php?sub=3&brch=275&sim=1427&cnt=4',4),(157,'Calculating the Distance between the Ligand and a',118,'http://amrita.vlab.co.in/index.php?sub=3&brch=275&sim=1446&cnt=1',4,'http://amrita.vlab.co.in/index.php?sub=3&brch=275&sim=1446&cnt=4',4),(158,'Finding the Active Site Pockets of a given Protein',118,'http://amrita.vlab.co.in/index.php?sub=3&brch=275&sim=1443&cnt=1',4,'http://amrita.vlab.co.in/index.php?sub=3&brch=275&sim=1443&cnt=4',4),(159,'Primary Structure Analysis of a Protein Using Prot',118,'http://amrita.vlab.co.in/index.php?sub=3&brch=275&sim=1455&cnt=1',4,'http://amrita.vlab.co.in/index.php?sub=3&brch=275&sim=1455&cnt=4',4),(160,'Secondary structure analysis of a protein using SO',118,'http://amrita.vlab.co.in/index.php?sub=3&brch=275&sim=1454&cnt=1',4,'http://amrita.vlab.co.in/index.php?sub=3&brch=275&sim=1454&cnt=4',4),(161,'Surface Analysis of a Protein Using CASTp',118,'http://amrita.vlab.co.in/index.php?sub=3&brch=275&sim=1479&cnt=1',4,'http://amrita.vlab.co.in/index.php?sub=3&brch=275&sim=1479&cnt=4',4),(162,'Retrieving details of a drug molecule',118,'http://amrita.vlab.co.in/index.php?sub=3&brch=275&sim=1502&cnt=1',4,'http://amrita.vlab.co.in/index.php?sub=3&brch=275&sim=1502&cnt=4',4),(163,'Converting chemical file formats',118,'http://amrita.vlab.co.in/index.php?sub=3&brch=275&sim=1499&cnt=1',4,'http://amrita.vlab.co.in/index.php?sub=3&brch=275&sim=1499&cnt=4',4),(164,'Homology Modeling using Modeller',118,'http://amrita.vlab.co.in/index.php?sub=3&brch=275&sim=1481&cnt=1',4,'http://amrita.vlab.co.in/index.php?sub=3&brch=275&sim=1481&cnt=4',4),(165,'Protein- Ligand Interaction',118,'http://amrita.vlab.co.in/index.php?sub=3&brch=275&sim=1495&cnt=1',4,'http://amrita.vlab.co.in/index.php?sub=3&brch=275&sim=1495&cnt=4',4),(166,'Mathematical modeling and simulating of Biochemica',119,'http://amrita.vlab.co.in/index.php?sub=3&brch=276&sim=1457&cnt=1',4,'http://amrita.vlab.co.in/index.php?sub=3&brch=276&sim=1457&cnt=4',4),(167,'Import and simulate models from different database',119,'http://amrita.vlab.co.in/index.php?sub=3&brch=276&sim=1472&cnt=1',4,'http://amrita.vlab.co.in/index.php?sub=3&brch=276&sim=1472&cnt=4',4),(168,'To Import and simulate a model from the repository',119,'http://amrita.vlab.co.in/index.php?sub=3&brch=276&sim=1490&cnt=1',4,'http://amrita.vlab.co.in/index.php?sub=3&brch=276&sim=1490&cnt=4',4),(169,'SBML-A markup language for mathematical models in',119,'http://amrita.vlab.co.in/index.php?sub=3&brch=276&sim=1473&cnt=1',4,'http://amrita.vlab.co.in/index.php?sub=3&brch=276&sim=1473&cnt=4',4),(170,'Creating and Visualizing a Simple Network Model',119,'http://amrita.vlab.co.in/index.php?sub=3&brch=276&sim=1456&cnt=1',4,'http://amrita.vlab.co.in/index.php?sub=3&brch=276&sim=1456&cnt=4',4),(171,'Analysis of biological networks for feature detect',119,'http://amrita.vlab.co.in/index.php?sub=3&brch=276&sim=1475&cnt=1',4,'http://amrita.vlab.co.in/index.php?sub=3&brch=276&sim=1475&cnt=4',4),(172,'Integrating Biological Networks and Microarray Exp',119,'http://amrita.vlab.co.in/index.php?sub=3&brch=276&sim=1483&cnt=1',4,'http://amrita.vlab.co.in/index.php?sub=3&brch=276&sim=1483&cnt=4',4),(173,'Analyzing the network by finding sub modules',119,'http://amrita.vlab.co.in/index.php?sub=3&brch=276&sim=1487&cnt=1',4,'http://amrita.vlab.co.in/index.php?sub=3&brch=276&sim=1487&cnt=4',4),(174,'Constructing computational model of a molecule',120,'http://amrita.vlab.co.in/index.php?sub=3&brch=277&sim=1460&cnt=1',4,'http://amrita.vlab.co.in/index.php?sub=3&brch=277&sim=1460&cnt=4',4),(175,'Introducing Hydrogen atoms to a molecule',120,'http://amrita.vlab.co.in/index.php?sub=3&brch=277&sim=1462&cnt=1',4,'http://amrita.vlab.co.in/index.php?sub=3&brch=277&sim=1462&cnt=4',4),(176,'Dihedral angle calculation of a molecule',120,'http://amrita.vlab.co.in/index.php?sub=3&brch=277&sim=1471&cnt=1',4,'http://amrita.vlab.co.in/index.php?sub=3&brch=277&sim=1471&cnt=4',4),(177,'Energy minimization of a molecule',120,'http://amrita.vlab.co.in/index.php?sub=3&brch=277&sim=1491&cnt=1',4,'http://amrita.vlab.co.in/index.php?sub=3&brch=277&sim=1491&cnt=4',4),(178,'Predict the structure of protein-Homology Modeling',120,'http://amrita.vlab.co.in/index.php?sub=3&brch=277&sim=1492&cnt=1',4,'http://amrita.vlab.co.in/index.php?sub=3&brch=277&sim=1492&cnt=4',4),(179,'Drug-Receptor Interaction',120,'http://amrita.vlab.co.in/index.php?sub=3&brch=277&sim=1498&cnt=1',4,'http://amrita.vlab.co.in/index.php?sub=3&brch=277&sim=1498&cnt=4',4),(180,'Absorption and Distribution Property Prediction in',120,'http://amrita.vlab.co.in/index.php?sub=3&brch=277&sim=1497&cnt=1',4,'http://amrita.vlab.co.in/index.php?sub=3&brch=277&sim=1497&cnt=4',4),(181,'Toxicity prediction of a Molecule',120,'http://amrita.vlab.co.in/index.php?sub=3&brch=277&sim=1494&cnt=1',4,'http://amrita.vlab.co.in/index.php?sub=3&brch=277&sim=1494&cnt=4',4),(182,'Determination of pH of Waste Water Sample',121,'http://amrita.vlab.co.in/index.php?sub=3&brch=272&sim=1414&cnt=1',4,NULL,4),(183,'Biological Oxygen Demand',121,'http://amrita.vlab.co.in/index.php?sub=3&brch=272&sim=1430&cnt=1',4,NULL,4),(184,'Chemical Oxygen Demand of Waste water',121,'http://amrita.vlab.co.in/index.php?sub=3&brch=272&sim=1413&cnt=1',4,NULL,4),(185,'Nitrogen Cycle',121,'http://amrita.vlab.co.in/index.php?sub=3&brch=272&sim=1411&cnt=1',4,NULL,4),(186,'A Brief Introduction to Species Interactions in Ec',121,'http://amrita.vlab.co.in/index.php?sub=3&brch=272&sim=1477&cnt=1',4,'http://amrita.vlab.co.in/index.php?sub=3&brch=272&sim=1477&cnt=4',4),(187,'Bacterial Population Growth',121,'http://amrita.vlab.co.in/index.php?sub=3&brch=272&sim=1485&cnt=1',4,'http://amrita.vlab.co.in/index.php?sub=3&brch=272&sim=1485&cnt=4',4),(188,'Population Invasion - A Threat to Ecosystem',121,'http://amrita.vlab.co.in/index.php?sub=3&brch=272&sim=1478&cnt=1',4,'http://amrita.vlab.co.in/index.php?sub=3&brch=272&sim=1478&cnt=4',4),(189,'Study of Foraging of Organisms in the Ecosystem',121,'http://amrita.vlab.co.in/index.php?sub=3&brch=272&sim=1486&cnt=1',4,'http://amrita.vlab.co.in/index.php?sub=3&brch=272&sim=1486&cnt=4',4),(190,'Case Studies on Ecology',121,'http://amrita.vlab.co.in/index.php?sub=3&brch=272&sim=1496&cnt=1',4,'http://amrita.vlab.co.in/index.php?sub=3&brch=272&sim=1496&cnt=4',4),(191,'Introduction to Biological Image Analysis',122,'http://amrita.vlab.co.in/index.php?sub=3&brch=278&sim=1482&cnt=1',4,'http://amrita.vlab.co.in/index.php?sub=3&brch=278&sim=1482&cnt=4',4),(192,'Quantification of Lignin in Tissue Sections',122,'http://amrita.vlab.co.in/index.php?sub=3&brch=278&sim=1463&cnt=1',4,'http://amrita.vlab.co.in/index.php?sub=3&brch=278&sim=1463&cnt=4',4),(193,'Analysis of Cell Morphology',122,'http://amrita.vlab.co.in/index.php?sub=3&brch=278&sim=1465&cnt=1',4,'http://amrita.vlab.co.in/index.php?sub=3&brch=278&sim=1465&cnt=4',4),(194,'Counting of Fluorescent Particles',122,'http://amrita.vlab.co.in/index.php?sub=3&brch=278&sim=1467&cnt=1',4,'http://amrita.vlab.co.in/index.php?sub=3&brch=278&sim=1467&cnt=4',4),(195,'Counting of Total Fluorescence in a Cell',122,'http://amrita.vlab.co.in/index.php?sub=3&brch=278&sim=1474&cnt=1',4,'http://amrita.vlab.co.in/index.php?sub=3&brch=278&sim=1474&cnt=4',4),(196,'Analysis on Molecular Gels: A Case Study in Polyac',122,'http://amrita.vlab.co.in/index.php?sub=3&brch=278&sim=1469&cnt=1',4,'http://amrita.vlab.co.in/index.php?sub=3&brch=278&sim=1469&cnt=4',4),(197,'Quantification of Stained Liver Cells',122,'http://amrita.vlab.co.in/index.php?sub=3&brch=278&sim=1466&cnt=1',4,'http://amrita.vlab.co.in/index.php?sub=3&brch=278&sim=1466&cnt=4',4),(198,'Quantification of Bacterial Colonies on an Agar Pl',122,'http://amrita.vlab.co.in/index.php?sub=3&brch=278&sim=1484&cnt=1',4,'http://amrita.vlab.co.in/index.php?sub=3&brch=278&sim=1484&cnt=4',4),(199,'Quantification of Amino Acids Present in a Mixture',122,'http://amrita.vlab.co.in/index.php?sub=3&brch=278&sim=1468&cnt=1',4,'http://amrita.vlab.co.in/index.php?sub=3&brch=278&sim=1468&cnt=4',4),(200,'Quantification of Protein Present in a Sample',122,'http://amrita.vlab.co.in/index.php?sub=3&brch=278&sim=1464&cnt=1',4,'http://amrita.vlab.co.in/index.php?sub=3&brch=278&sim=1464&cnt=4',4),(201,'Controlling a servo motor in a bio-robotic environ',123,'http://amrita.vlab.co.in/index.php?sub=3&brch=257&sim=1480&cnt=1',4,NULL,4),(202,'Understanding the kinematics of a robotic upper ar',123,'http://amrita.vlab.co.in/index.php?sub=3&brch=257&sim=1458&cnt=1',4,NULL,4),(203,'Understanding the kinematics of a robotic upper ar',123,'http://amrita.vlab.co.in/index.php?sub=3&brch=257&sim=1459&cnt=1',4,NULL,4),(204,'Light sensing process in a neural circuit (Remote',123,'http://amrita.vlab.co.in/index.php?sub=3&brch=257&sim=1321&cnt=1',4,NULL,4),(205,'Mechanism behind the movement of a Walker robot wi',123,'http://amrita.vlab.co.in/index.php?sub=3&brch=257&sim=1669&cnt=1',4,NULL,4),(206,'Constructing a six core brain like circuit (Remote',123,'http://amrita.vlab.co.in/index.php?sub=3&brch=257&sim=1670&cnt=1',4,NULL,4),(207,'Pattern recognition in a hardware neural network (',123,'http://amrita.vlab.co.in/index.php?sub=3&brch=257&sim=1488&cnt=1',4,NULL,4),(208,'Using a light microscope (Remote Trigger)',124,'http://amrita.vlab.co.in/index.php?sub=3&brch=258&sim=1449&cnt=1',4,'http://amrita.vlab.co.in/index.php?sub=3&brch=258&sim=1449&cnt=3422',4),(209,'Observing an animal cell using a light microscope',124,'http://amrita.vlab.co.in/index.php?sub=3&brch=258&sim=1450&cnt=1',4,'http://amrita.vlab.co.in/index.php?sub=3&brch=258&sim=1450&cnt=3424',4),(210,'Study of RC Properties of Cell Membrane (Remote Tr',124,'http://amrita.vlab.co.in/index.php?sub=3&brch=258&sim=1448&cnt=1',4,NULL,4),(211,'Study of Electrically excitable cells (Remote trig',124,'http://amrita.vlab.co.in/index.php?sub=3&brch=258&sim=1320&cnt=1',4,NULL,4),(212,'Bursting phenomenon in biology via RC models (Remo',124,'http://amrita.vlab.co.in/index.php?sub=3&brch=258&sim=1665&cnt=1',4,NULL,4),(213,'Micrometry (Remote Trigger)',124,'http://amrita.vlab.co.in/index.php?sub=3&brch=258&sim=1666&cnt=1',4,NULL,4),(214,'Multicompartmental modelling of biophysical behavi',124,'http://amrita.vlab.co.in/index.php?sub=3&brch=258&sim=1667&cnt=1',4,NULL,4),(215,'Brain Slice Preparation',125,'http://amrita.vlab.co.in/?sub=3&brch=43&sim=127&cnt=381',4,NULL,4),(216,'Simple Neuron Model - the HH neuron',125,'http://amrita.vlab.co.in/?sub=3&brch=43&sim=129&cnt=1',4,'http://amrita.vlab.co.in/?sub=3&brch=43&sim=129&cnt=4',4),(217,'Patch Clamp Technique',125,'http://amrita.vlab.co.in/?sub=3&brch=43&sim=131&cnt=1',4,'http://amrita.vlab.co.in/?sub=3&brch=43&sim=131&cnt=4',4),(218,'Current Clamp Technique',125,'http://amrita.vlab.co.in/?sub=3&brch=43&sim=132&cnt=1',4,'http://amrita.vlab.co.in/?sub=3&brch=43&sim=132&cnt=4',4),(219,'Voltage Clamp Technique',125,'http://amrita.vlab.co.in/?sub=3&brch=43&sim=134&cnt=1',4,'http://amrita.vlab.co.in/?sub=3&brch=43&sim=134&cnt=4',4),(220,'Study of Synaptic Transmission (Remote trigger)',125,'http://amrita.vlab.co.in/?sub=3&brch=43&sim=153&cnt=1',4,NULL,4),(221,'Measuring Field Potentials Using MEA chips',125,'http://amrita.vlab.co.in/?sub=3&brch=43&sim=135&cnt=1',4,NULL,4),(222,'Understanding the Passive Properties of a Simple N',125,'http://amrita.vlab.co.in/?sub=3&brch=43&sim=137&cnt=1',4,NULL,4),(223,'Effects of Ion Channels in Membrane Biophysics (Re',125,'http://amrita.vlab.co.in/?sub=3&brch=43&sim=143&cnt=1',4,NULL,4),(224,'Effect of Noise on Spiking Neurons (Remote trigger',125,'http://amrita.vlab.co.in/?sub=3&brch=43&sim=146&cnt=1',4,NULL,4),(225,'Modeling resting potentials in Neurons',126,'http://amrita.vlab.co.in/?sub=3&brch=212&sim=724&cnt=1',4,'http://amrita.vlab.co.in/?sub=3&brch=212&sim=724&cnt=4',4),(226,'Modeling action potentials',126,'http://amrita.vlab.co.in/?sub=3&brch=212&sim=742&cnt=1',4,'http://amrita.vlab.co.in/?sub=3&brch=212&sim=742&cnt=4',4),(227,'Modeling the delayed rectifier Potassium channels',126,'http://amrita.vlab.co.in/?sub=3&brch=212&sim=767&cnt=1',4,'http://amrita.vlab.co.in/?sub=3&brch=212&sim=767&cnt=4',4),(228,'Modeling the sodium ion channel and its effects on',126,'http://amrita.vlab.co.in/?sub=3&brch=212&sim=766&cnt=1',4,'http://amrita.vlab.co.in/?sub=3&brch=212&sim=766&cnt=4',4),(229,'Current Clamp protocol',126,'http://amrita.vlab.co.in/?sub=3&brch=212&sim=768&cnt=1',4,'http://amrita.vlab.co.in/?sub=3&brch=212&sim=768&cnt=4',4),(230,'Voltage Clamp Protocol',126,'http://amrita.vlab.co.in/?sub=3&brch=212&sim=894&cnt=1',4,'http://amrita.vlab.co.in/?sub=3&brch=212&sim=894&cnt=4',4),(231,'Understanding Frequency-Current relationship',126,'http://amrita.vlab.co.in/?sub=3&brch=212&sim=1308&cnt=1',4,'http://amrita.vlab.co.in/?sub=3&brch=212&sim=1308&cnt=4',4),(232,'Understanding first spike latency - current relati',126,'http://amrita.vlab.co.in/?sub=3&brch=212&sim=1311&cnt=1',4,'http://amrita.vlab.co.in/?sub=3&brch=212&sim=1311&cnt=4',4),(233,'Voltage-Current (VI) plot',126,'http://amrita.vlab.co.in/?sub=3&brch=212&sim=1309&cnt=1',4,'http://amrita.vlab.co.in/?sub=3&brch=212&sim=1309&cnt=4',4),(234,'Effects of pharmacological blockers on action pote',126,'http://amrita.vlab.co.in/?sub=3&brch=212&sim=1310&cnt=1',4,'http://amrita.vlab.co.in/?sub=3&brch=212&sim=1310&cnt=4',4),(235,'Qualitative Analysis of Carbohydrates',127,'http://amrita.vlab.co.in/?sub=3&brch=63&sim=631&cnt=1',4,NULL,4),(236,'Isoelectric Precipitation of Proteins: Casein from',127,'http://amrita.vlab.co.in/?sub=3&brch=63&sim=158&cnt=1',4,NULL,4),(237,'Quantitative Estimation of Amino Acids by Ninhydri',127,'http://amrita.vlab.co.in/?sub=3&brch=63&sim=156&cnt=1',4,NULL,4),(238,'Separation of Amino Acids by Thin Layer Chromatogr',127,'http://amrita.vlab.co.in/?sub=3&brch=63&sim=154&cnt=1',4,NULL,4),(239,'Estimation of Saponification Value of Fats/Oils.',127,'http://amrita.vlab.co.in/?sub=3&brch=63&sim=688&cnt=1',4,NULL,4),(240,'Detection of Adulteration in Milk',127,'http://amrita.vlab.co.in/?sub=3&brch=63&sim=1091&cnt=1',4,NULL,4),(241,'Qualitative Analysis of Amino Acid',127,'http://amrita.vlab.co.in/?sub=3&brch=63&sim=1094&cnt=1',4,NULL,4),(242,'Estimation of Iodine Value of Fats and Oils',127,'http://amrita.vlab.co.in/?sub=3&brch=63&sim=1111&cnt=1',4,NULL,4),(243,'Titration Curves of Aminoacids',127,'http://amrita.vlab.co.in/?sub=3&brch=63&sim=1336&cnt=1',4,NULL,4),(244,'Estimation of blood glucose by Glucose oxidase met',127,'http://amrita.vlab.co.in/?sub=3&brch=63&sim=1343&cnt=1',4,NULL,4),(245,'Isolation of ? -Amylase from Sweet Potato',128,'http://amrita.vlab.co.in/?sub=3&brch=64&sim=730&cnt=1',4,NULL,4),(246,'Gelatin Zymography',128,'http://amrita.vlab.co.in/?sub=3&brch=64&sim=700&cnt=1',4,NULL,4),(247,'Extraction of Caffeine from Tea',128,'http://amrita.vlab.co.in/?sub=3&brch=64&sim=169&cnt=1',4,NULL,4),(248,'Construction of Maltose Standard Curve by DNS Meth',128,'http://amrita.vlab.co.in/?sub=3&brch=64&sim=163&cnt=1',4,NULL,4),(249,'Isolation of Plant Pigments by Column Chromatograp',128,'http://amrita.vlab.co.in/?sub=3&brch=64&sim=160&cnt=1',4,NULL,4),(250,'Structural Studies of Phycobiliproteins from Spiru',128,'http://amrita.vlab.co.in/?sub=3&brch=64&sim=792&cnt=1',4,NULL,4),(251,'Construction of Protein Standard Curve using Folin',128,'http://amrita.vlab.co.in/?sub=3&brch=64&sim=1087&cnt=1',4,NULL,4),(252,'Effect of Substrate Concentration on Enzyme Kineti',128,'http://amrita.vlab.co.in/?sub=3&brch=64&sim=1090&cnt=1',4,NULL,4),(253,'Effect of temperature on enzyme kinetics',128,'http://amrita.vlab.co.in/?sub=3&brch=64&sim=1342&cnt=1',4,NULL,4),(254,'Hydrolysis of Ester using orange peel esterase',128,'http://amrita.vlab.co.in/?sub=3&brch=64&sim=1445&cnt=1',4,NULL,4),(255,'Population with Continuous and Discrete Growth',129,'http://amrita.vlab.co.in/?sub=3&brch=65&sim=174&cnt=1',4,'http://amrita.vlab.co.in/?sub=3&brch=65&sim=174&cnt=4',4),(256,'Spread of a Pest Population - Population Invasion',129,'http://amrita.vlab.co.in/?sub=3&brch=65&sim=180&cnt=1',4,'http://amrita.vlab.co.in/?sub=3&brch=65&sim=180&cnt=4',4),(257,'Age Structured Leslie Matrix',129,'http://amrita.vlab.co.in/?sub=3&brch=65&sim=183&cnt=1',4,'http://amrita.vlab.co.in/?sub=3&brch=65&sim=183&cnt=4',4),(258,'Stage Structured Leslie Matrix',129,'http://amrita.vlab.co.in/?sub=3&brch=65&sim=771&cnt=1',4,'http://amrita.vlab.co.in/?sub=3&brch=65&sim=771&cnt=4',4),(259,'Metapopulation Dynamics -Levins Model',129,'http://amrita.vlab.co.in/?sub=3&brch=65&sim=772&cnt=1',4,'http://amrita.vlab.co.in/?sub=3&brch=65&sim=772&cnt=4',4),(260,'Interspecific Competition and Coexistence',129,'http://amrita.vlab.co.in/?sub=3&brch=65&sim=773&cnt=1',4,'http://amrita.vlab.co.in/?sub=3&brch=65&sim=773&cnt=4',4),(261,'Effect of Interspecific Competition on Species Bor',129,'http://amrita.vlab.co.in/?sub=3&brch=65&sim=1092&cnt=1',4,'http://amrita.vlab.co.in/?sub=3&brch=65&sim=1092&cnt=1',4),(262,'Logistic Population Growth: Continuous and Discret',129,'http://amrita.vlab.co.in/?sub=3&brch=65&sim=1110&cnt=1',4,'http://amrita.vlab.co.in/?sub=3&brch=65&sim=1110&cnt=1',4),(263,'Parasitoid-Host Dynamics',129,'http://amrita.vlab.co.in/?sub=3&brch=65&sim=1337&cnt=1',4,'http://amrita.vlab.co.in/?sub=3&brch=65&sim=1337&cnt=4',4),(264,'Conserving an Endangered Species',129,'http://amrita.vlab.co.in/?sub=3&brch=65&sim=1451&cnt=1',4,'http://amrita.vlab.co.in/?sub=3&brch=65&sim=1451&cnt=4',4),(265,'Predator - Prey Dynamics - Rats and Snakes (Lotka',130,'http://amrita.vlab.co.in/?sub=3&brch=67&sim=185&cnt=1',4,'http://amrita.vlab.co.in/?sub=3&brch=67&sim=185&cnt=4',4),(266,'Effect of Predator Efficiency on Equilibrium Densi',130,'http://amrita.vlab.co.in/?sub=3&brch=67&sim=186&cnt=1',4,'http://amrita.vlab.co.in/?sub=3&brch=67&sim=186&cnt=4',4),(267,'Effect of Social Behavior Amongst Predator-Prey Po',130,'http://amrita.vlab.co.in/?sub=3&brch=67&sim=190&cnt=1',4,'http://amrita.vlab.co.in/?sub=3&brch=67&sim=190&cnt=4',4),(268,'Effects of Carrying Capacity and Satiation in Pred',130,'http://amrita.vlab.co.in/?sub=3&brch=67&sim=775&cnt=1',4,'http://amrita.vlab.co.in/?sub=3&brch=67&sim=775&cnt=4',4),(269,'Harvesting a Prey Population',130,'http://amrita.vlab.co.in/?sub=3&brch=67&sim=774&cnt=1',4,'http://amrita.vlab.co.in/?sub=3&brch=67&sim=774&cnt=4',4),(270,'Optimal Foraging with Minimal Time: A Case of Sear',130,'http://amrita.vlab.co.in/?sub=3&brch=67&sim=776&cnt=1',4,'http://amrita.vlab.co.in/?sub=3&brch=67&sim=776&cnt=4',4),(271,'Optimal Foraging : Searching Predators that Maximi',130,'http://amrita.vlab.co.in/?sub=3&brch=67&sim=1104&cnt=1',4,'http://amrita.vlab.co.in/?sub=3&brch=67&sim=1104&cnt=4',4),(272,'Optimal Pollinators',130,'http://amrita.vlab.co.in/?sub=3&brch=67&sim=1093&cnt=1',4,'http://amrita.vlab.co.in/?sub=3&brch=67&sim=1093&cnt=2557',4),(273,'Optimal Foraging: Sit-and-wait Predators that Maxi',130,'http://amrita.vlab.co.in/?sub=3&brch=67&sim=1296&cnt=1',4,'http://amrita.vlab.co.in/?sub=3&brch=67&sim=1296&cnt=4',4),(274,'Microparasite and Macroparasite - Host Dynamics',130,'http://amrita.vlab.co.in/?sub=3&brch=67&sim=1138&cnt=1',4,'http://amrita.vlab.co.in/?sub=3&brch=67&sim=1138&cnt=4',4),(275,'Collection of Serum from Blood',131,'http://amrita.vlab.co.in/?sub=3&brch=69&sim=196&cnt=1',4,NULL,4),(276,'Blood Grouping Experiment',131,'http://amrita.vlab.co.in/?sub=3&brch=69&sim=192&cnt=1',4,NULL,4),(277,'Latex Agglutination',131,'http://amrita.vlab.co.in/?sub=3&brch=69&sim=195&cnt=1',4,NULL,4),(278,'INDIRECT Elisa',131,'http://amrita.vlab.co.in/?sub=3&brch=69&sim=721&cnt=1',4,NULL,4),(279,'DIRECT Elisa',131,'http://amrita.vlab.co.in/?sub=3&brch=69&sim=696&cnt=1',4,NULL,4),(280,'SANDWICH Elisa',131,'http://amrita.vlab.co.in/?sub=3&brch=69&sim=699&cnt=1',4,NULL,4),(281,'ELISPOT Assay',131,'http://amrita.vlab.co.in/?sub=3&brch=69&sim=1098&cnt=1',4,NULL,4),(282,'Antibody Labeling with HRP',131,'http://amrita.vlab.co.in/?sub=3&brch=69&sim=1108&cnt=1',4,NULL,4),(283,'Extraction of IgG Antibodies from Immunized Hen Eg',131,'http://amrita.vlab.co.in/?sub=3&brch=69&sim=1419&cnt=1',4,NULL,4),(284,'Isolation of lymphocytes from whole blood',131,'http://amrita.vlab.co.in/?sub=3&brch=69&sim=1422&cnt=1',4,NULL,4),(285,'Ouchterlony Double Diffusion -Titration',132,'http://amrita.vlab.co.in/?sub=3&brch=70&sim=638&cnt=1',4,NULL,4),(286,'Ouchterlony Double Diffusion - Patterns',132,'http://amrita.vlab.co.in/?sub=3&brch=70&sim=689&cnt=1',4,NULL,4),(287,'Purification of IgG Antibodies with Ammonium Sulph',132,'http://amrita.vlab.co.in/?sub=3&brch=70&sim=722&cnt=1',4,NULL,4),(288,'Removal of Thymus and Spleen from Mice',132,'http://amrita.vlab.co.in/?sub=3&brch=70&sim=200&cnt=1',4,NULL,4),(289,'Mouse Anesthesia and Blood Collection',132,'http://amrita.vlab.co.in/?sub=3&brch=70&sim=198&cnt=1',4,NULL,4),(290,'Parenteral Injections',132,'http://amrita.vlab.co.in/?sub=3&brch=70&sim=203&cnt=1',4,NULL,4),(291,'Purification of IgG Antibodies using Affinity Chro',132,'http://amrita.vlab.co.in/?sub=3&brch=70&sim=1099&cnt=1',4,NULL,4),(292,'Flourescent Labeling of Antibodies',132,'http://amrita.vlab.co.in/?sub=3&brch=70&sim=1060&cnt=1',4,NULL,4),(293,'Fragmentation of IgG Using Papain',132,'http://amrita.vlab.co.in/?sub=3&brch=70&sim=1349&cnt=1',4,NULL,4),(294,'Fragmentation of IgG using pepsin',132,'http://amrita.vlab.co.in/?sub=3&brch=70&sim=1441&cnt=1',4,NULL,4),(295,'Gram Stain Technique',133,'http://amrita.vlab.co.in/?sub=3&brch=73&sim=208&cnt=1',4,'http://amrita.vlab.co.in/?sub=3&brch=73&sim=208&cnt=4',4),(296,'Aseptic Technique and the Transfer of Microorganis',133,'http://cp.freehostia.com/login/',4,NULL,4),(297,'Streak Plate Method',133,'http://amrita.vlab.co.in/?sub=3&brch=73&sim=213&cnt=1',4,NULL,4),(298,'Motility Test',133,'http://amrita.vlab.co.in/?sub=3&brch=73&sim=697&cnt=1',4,NULL,4),(299,'Catalase and Coagulase Test',133,'http://amrita.vlab.co.in/?sub=3&brch=73&sim=703&cnt=1',4,NULL,4),(300,'Selective and Differential Media for Identifying M',133,'http://amrita.vlab.co.in/?sub=3&brch=73&sim=720&cnt=1',4,'http://amrita.vlab.co.in/?sub=3&brch=73&sim=720&cnt=4',4),(301,'Lecithinase Test',133,'http://amrita.vlab.co.in/?sub=3&brch=73&sim=974&cnt=1',4,NULL,4),(302,'Bacterial Growth Curve',133,'http://amrita.vlab.co.in/?sub=3&brch=73&sim=1105&cnt=1',4,'http://amrita.vlab.co.in/?sub=3&brch=73&sim=1105&cnt=2867',4),(303,'Carbohydrate Fermentation Test',133,'http://amrita.vlab.co.in/?sub=3&brch=73&sim=1139&cnt=1',4,'http://amrita.vlab.co.in/?sub=3&brch=73&sim=1139&cnt=3047',4),(304,'Differential and Cytological Staining Techniques',133,'http://amrita.vlab.co.in/?sub=3&brch=73&sim=1338&cnt=1',4,NULL,4),(305,'Antibiotic Susceptibility Testing',133,'http://amrita.vlab.co.in/?sub=3&brch=73&sim=1628&cnt=1',4,NULL,4),(306,'Methylene Blue Reductase Test',133,'http://amrita.vlab.co.in/?sub=3&brch=73&sim=1630&cnt=1',4,NULL,4),(307,'Voges-Proskauer Test',134,'http://amrita.vlab.co.in/?sub=3&brch=76&sim=215&cnt=1',4,NULL,4),(308,'Triple Sugar Iron Agar',134,'http://amrita.vlab.co.in/?sub=3&brch=76&sim=216&cnt=1',4,NULL,4),(309,'Urease Test',134,'http://amrita.vlab.co.in/?sub=3&brch=76&sim=214&cnt=1',4,NULL,4),(310,'Litmus Milk Test',134,'http://amrita.vlab.co.in/?sub=3&brch=76&sim=708&cnt=1',4,NULL,4),(311,'Slide Culture Technique for Fungi',134,'http://amrita.vlab.co.in/?sub=3&brch=76&sim=693&cnt=1',4,NULL,4),(312,'Bacteriophage Plaque Assay for Phage Titer',134,'http://amrita.vlab.co.in/?sub=3&brch=76&sim=719&cnt=1',4,'http://amrita.vlab.co.in/?sub=3&brch=76&sim=719&cnt=4',4),(313,'Isolation and Identification of Auxotrophic and Dr',134,'http://amrita.vlab.co.in/?sub=3&brch=76&sim=1089&cnt=1',4,NULL,4),(314,'Isolation and Identification of Two Bacterial Unkn',134,'http://amrita.vlab.co.in/?sub=3&brch=76&sim=1109&cnt=1',4,NULL,4),(315,'Routes of Viral Inoculation in Embryonated Eggs',134,'http://amrita.vlab.co.in/?sub=3&brch=76&sim=1223&cnt=1',4,NULL,4),(316,'Routes of Viral Inoculation in Embryonated Eggs',134,'http://amrita.vlab.co.in/?sub=3&brch=76&sim=1421&cnt=1',4,NULL,4),(317,'Preparation of Buffer stocks (TBE,TE and TAE)',135,'http://amrita.vlab.co.in/?sub=3&brch=77&sim=1322&cnt=1',4,NULL,4),(318,'Plasmid Isolation (Mini prep)',135,'http://amrita.vlab.co.in/?sub=3&brch=77&sim=314&cnt=1',4,NULL,4),(319,'Extraction of DNA from Fish Fins',135,'http://amrita.vlab.co.in/?sub=3&brch=77&sim=218&cnt=1',4,NULL,4),(320,'Hot Shot Method of DNA Extraction',135,'http://amrita.vlab.co.in/?sub=3&brch=77&sim=885&cnt=1',4,NULL,4),(321,'Agarose Gel Electrophoresis (AGE)',135,'http://amrita.vlab.co.in/?sub=3&brch=77&sim=1375&cnt=1',4,'http://amrita.vlab.co.in/?sub=3&brch=77&sim=1375&cnt=4',4),(322,'Restriction Digestion',135,'http://amrita.vlab.co.in/?sub=3&brch=77&sim=694&cnt=1',4,'http://amrita.vlab.co.in/?sub=3&brch=77&sim=694&cnt=4',4),(323,'Maintenance and Storage of DH5alpha E.coli cells',135,'http://amrita.vlab.co.in/?sub=3&brch=77&sim=1095&cnt=1',4,NULL,4),(324,'Preparation of Competent Cell (Calcium Chloride Tr',135,'http://amrita.vlab.co.in/?sub=3&brch=77&sim=702&cnt=1',4,NULL,4),(325,'Transformation of the Host Cells',135,'http://amrita.vlab.co.in/?sub=3&brch=77&sim=1107&cnt=1',4,NULL,4),(326,'Extraction of DNA from Agarose gel',135,'http://amrita.vlab.co.in/?sub=3&brch=77&sim=1365&cnt=1',4,NULL,4),(327,'Preparation of Equilibrated Phenol',136,'http://amrita.vlab.co.in/?sub=3&brch=186&sim=1376&cnt=1',4,'http://amrita.vlab.co.in/?sub=3&brch=186&sim=1376&cnt=4',4),(328,'Isolation of RNA',136,'http://amrita.vlab.co.in/?sub=3&brch=186&sim=718&cnt=1',4,NULL,4),(329,'Polyacrylamide Gel Electrophoresis',136,'http://amrita.vlab.co.in/?sub=3&brch=186&sim=319&cnt=1',4,'http://amrita.vlab.co.in/?sub=3&brch=186&sim=319&cnt=4',4),(330,'Ligation ( Using T4 DNA Ligase)',136,'http://amrita.vlab.co.in/?sub=3&brch=186&sim=781&cnt=1',4,NULL,4),(331,'Polymerase Chain Reaction (PCR)',136,'http://amrita.vlab.co.in/?sub=3&brch=186&sim=321&cnt=1',4,'http://amrita.vlab.co.in/?sub=3&brch=186&sim=321&cnt=4',4),(332,'Electroblotting',136,'http://amrita.vlab.co.in/?sub=3&brch=186&sim=701&cnt=1',4,NULL,4),(333,'Plating of the Bacteriophage',136,'http://amrita.vlab.co.in/?sub=3&brch=186&sim=723&cnt=1',4,NULL,4),(334,'Plasmid Curing',136,'http://amrita.vlab.co.in/?sub=3&brch=186&sim=1097&cnt=1',4,NULL,4),(335,'Extraction of Bacteriophage DNA from Large Scale C',136,'http://amrita.vlab.co.in/?sub=3&brch=186&sim=1377&cnt=1',4,NULL,4),(336,'Preparation of stocks of bacteriophage lambda by p',136,'http://amrita.vlab.co.in/?sub=3&brch=186&sim=1405&cnt=1',4,'http://amrita.vlab.co.in/?sub=3&brch=186&sim=1405&cnt=4',4),(337,'Light Microscope',137,'http://amrita.vlab.co.in/?sub=3&brch=187&sim=323&cnt=1',4,'http://amrita.vlab.co.in/?sub=3&brch=187&sim=323&cnt=4',4),(338,'Cell Organization and Sub Cellular Structure Studi',137,'http://amrita.vlab.co.in/?sub=3&brch=187&sim=324&cnt=1',4,'http://amrita.vlab.co.in/?sub=3&brch=187&sim=324&cnt=4',4),(339,'Transmission Electron Microscopy',137,'http://amrita.vlab.co.in/?sub=3&brch=187&sim=784&cnt=1',4,NULL,4),(340,'Isolation of Mitochondria',137,'http://vlab.amrita.edu/?sub=3&brch=187&sim=327&cnt=2',4,NULL,4),(341,'Isolation of Chloroplast',137,'http://amrita.vlab.co.in/?sub=3&brch=187&sim=878&cnt=1',4,'http://amrita.vlab.co.in/?sub=3&brch=187&sim=878&cnt=4',4),(342,'Isolation of Endoplasmic Reticulum',137,'http://amrita.vlab.co.in/?sub=3&brch=187&sim=806&cnt=1',4,NULL,4),(343,'Basics of Plant Tissue Culture',137,'http://amrita.vlab.co.in/?sub=3&brch=187&sim=1100&cnt=1',4,NULL,4),(344,'Glucose Uptake Assay',137,'http://amrita.vlab.co.in/?sub=3&brch=187&sim=948&cnt=1',4,NULL,4),(345,'Transfection',137,'http://amrita.vlab.co.in/?sub=3&brch=187&sim=1330&cnt=1',4,NULL,4),(346,'Western Blotting',137,'http://amrita.vlab.co.in/?sub=3&brch=187&sim=1331&cnt=1',4,'http://amrita.vlab.co.in/?sub=3&brch=187&sim=327&cnt=1',4),(347,'Lignin Staining',138,'http://amrita.vlab.co.in/?sub=3&brch=188&sim=778&cnt=1',4,NULL,4),(348,'Hemocytometer (Counting of Cells)',138,'http://amrita.vlab.co.in/?sub=3&brch=188&sim=336&cnt=1',4,'http://amrita.vlab.co.in/?sub=3&brch=188&sim=336&cnt=4',4),(349,'Maintenance of Mamallian Cell Lines',138,'http://amrita.vlab.co.in/?sub=3&brch=188&sim=331&cnt=1',4,NULL,4),(350,'Cell Attachment',138,'http://amrita.vlab.co.in/?sub=3&brch=188&sim=780&cnt=1',4,NULL,4),(351,'Cell Migration',138,'http://amrita.vlab.co.in/?sub=3&brch=188&sim=329&cnt=1',4,NULL,4),(352,'Actin Assembly',138,'http://amrita.vlab.co.in/?sub=3&brch=188&sim=779&cnt=1',4,NULL,4),(353,'Mitosis in Onion Root Tips',138,'http://amrita.vlab.co.in/?sub=3&brch=188&sim=1102&cnt=1',4,'http://amrita.vlab.co.in/?sub=3&brch=188&sim=1102&cnt=4',4),(354,'Cell Proliferation',138,'http://amrita.vlab.co.in/?sub=3&brch=188&sim=1101&cnt=1',4,NULL,4),(355,'Toxicity studies in Zebrafish',138,'http://amrita.vlab.co.in/?sub=3&brch=188&sim=1334&cnt=1',4,'http://amrita.vlab.co.in/?sub=3&brch=188&sim=1334&cnt=4',4),(356,'Primary Cell Culture',138,'http://amrita.vlab.co.in/?sub=3&brch=188&sim=1333&cnt=1',4,NULL,4),(357,'Torque and angular acceleration of a fly wheel',140,'http://amrita.vlab.co.in/?sub=1&brch=74&sim=1517&cnt=1',4,'http://amrita.vlab.co.in/?sub=1&brch=74&sim=1517&cnt=4',4),(358,'Torsional oscillations in different liquids',140,'http://amrita.vlab.co.in/?sub=1&brch=74&sim=1523&cnt=1',4,'http://amrita.vlab.co.in/?sub=1&brch=74&sim=1523&cnt=4',4),(359,'Moment of Inertia of Flywheel',140,'http://amrita.vlab.co.in/?sub=1&brch=74&sim=571&cnt=1',4,'http://amrita.vlab.co.in/?sub=1&brch=74&sim=571&cnt=4',4),(360,'Newton\'s Second Law of Motion',140,'http://amrita.vlab.co.in/?sub=1&brch=74&sim=207&cnt=1',4,'http://amrita.vlab.co.in/?sub=1&brch=74&sim=207&cnt=4',4),(361,'Ballistic Pendulum',140,'http://amrita.vlab.co.in/?sub=1&brch=74&sim=202&cnt=1',4,'http://amrita.vlab.co.in/?sub=1&brch=74&sim=202&cnt=4',4),(362,'Collision balls',140,'http://amrita.vlab.co.in/?sub=1&brch=74&sim=197&cnt=1',4,'http://amrita.vlab.co.in/?sub=1&brch=74&sim=197&cnt=4',4),(363,'Projectile Motion',140,'http://amrita.vlab.co.in/?sub=1&brch=74&sim=191&cnt=1',4,'http://amrita.vlab.co.in/?sub=1&brch=74&sim=191&cnt=4',4),(364,'Elastic and Inelastic Collision',140,'http://amrita.vlab.co.in/?sub=1&brch=74&sim=189&cnt=1',4,'http://amrita.vlab.co.in/?sub=1&brch=74&sim=189&cnt=4',4),(365,'Michelson\'s Interferometer- Wavelength of laser be',141,'http://amrita.vlab.co.in/?sub=1&brch=189&sim=1106&cnt=1',4,'http://amrita.vlab.co.in/?sub=1&brch=189&sim=1106&cnt=4',4),(366,'Laser beam divergence and spot size',141,'http://amrita.vlab.co.in/?sub=1&brch=189&sim=342&cnt=1',4,'http://amrita.vlab.co.in/?sub=1&brch=189&sim=342&cnt=4',4),(367,'Newton\'s Rings-Wavelength of light',141,'http://amrita.vlab.co.in/?sub=1&brch=189&sim=335&cnt=1',4,'http://amrita.vlab.co.in/?sub=1&brch=189&sim=335&cnt=4',4),(368,'Brewsters Angle determination',141,'http://amrita.vlab.co.in/?sub=1&brch=189&sim=333&cnt=1',4,'http://amrita.vlab.co.in/?sub=1&brch=189&sim=333&cnt=4',4),(369,'Numerical Aperture of Optical Fiber',141,'http://amrita.vlab.co.in/?sub=1&brch=189&sim=343&cnt=1',4,'http://amrita.vlab.co.in/?sub=1&brch=189&sim=343&cnt=4',4),(370,'Tangent Galvanometer',142,'http://amrita.vlab.co.in/?sub=1&brch=192&sim=1049&cnt=1',4,'http://amrita.vlab.co.in/?sub=1&brch=192&sim=1049&cnt=4',4),(371,'Magnetic Field Along The Axis of A Circular Coil C',142,'http://amrita.vlab.co.in/?sub=1&brch=192&sim=972&cnt=1',4,'http://amrita.vlab.co.in/?sub=1&brch=192&sim=972&cnt=4',4),(372,'Deflection Magnetometer',142,'http://amrita.vlab.co.in/?sub=1&brch=192&sim=847&cnt=1',4,'http://amrita.vlab.co.in/?sub=1&brch=192&sim=847&cnt=4',4),(373,'Van De Graaff Generator',142,'http://amrita.vlab.co.in/?sub=1&brch=192&sim=349&cnt=1',4,'http://amrita.vlab.co.in/?sub=1&brch=192&sim=349&cnt=4',4),(374,'Barkhausen Effect',142,'http://amrita.vlab.co.in/?sub=1&brch=192&sim=347&cnt=1',4,'http://amrita.vlab.co.in/?sub=1&brch=192&sim=347&cnt=4',4),(375,'Temperature Coefficient of Resistance',142,'http://amrita.vlab.co.in/?sub=1&brch=192&sim=346&cnt=1',4,'http://amrita.vlab.co.in/?sub=1&brch=192&sim=346&cnt=4',4),(376,'Anderson\'s Bridge',142,'http://amrita.vlab.co.in/?sub=1&brch=192&sim=859&cnt=1',4,'http://amrita.vlab.co.in/?sub=1&brch=192&sim=859&cnt=4',4),(377,'Quincke\'s Method',142,'http://amrita.vlab.co.in/?sub=1&brch=192&sim=854&cnt=1',4,'http://amrita.vlab.co.in/?sub=1&brch=192&sim=854&cnt=4',4),(378,'Heat Transfer by Radiation',143,'http://amrita.vlab.co.in/?sub=1&brch=194&sim=802&cnt=1',4,'http://amrita.vlab.co.in/?sub=1&brch=194&sim=802&cnt=4',4),(379,'Heat transfer by Conduction',143,'http://amrita.vlab.co.in/?sub=1&brch=194&sim=801&cnt=1',4,'http://amrita.vlab.co.in/?sub=1&brch=194&sim=801&cnt=4',4),(380,'Heat Transfer by Natural Convection',143,'http://amrita.vlab.co.in/?sub=1&brch=194&sim=791&cnt=1',4,'http://amrita.vlab.co.in/?sub=1&brch=194&sim=791&cnt=4',4),(381,'The Study of Phase Change',143,'http://amrita.vlab.co.in/?sub=1&brch=194&sim=709&cnt=1',4,'http://amrita.vlab.co.in/?sub=1&brch=194&sim=709&cnt=4',4),(382,'Black  Body Radiation: Determination of Stefan\'s C',143,'http://amrita.vlab.co.in/?sub=1&brch=194&sim=548&cnt=1',4,'http://amrita.vlab.co.in/?sub=1&brch=194&sim=548&cnt=4',4),(383,'Newton\'s Law of Cooling',143,'http://amrita.vlab.co.in/?sub=1&brch=194&sim=354&cnt=1',4,'http://amrita.vlab.co.in/?sub=1&brch=194&sim=354&cnt=4',4),(384,'Lee\'s Disc Apparatus',143,'http://amrita.vlab.co.in/?sub=1&brch=194&sim=353&cnt=1',4,'http://amrita.vlab.co.in/?sub=1&brch=194&sim=353&cnt=4',4),(385,'Thermo Couple-Seebeck Effect',143,'http://amrita.vlab.co.in/?sub=1&brch=194&sim=351&cnt=1',4,'http://amrita.vlab.co.in/?sub=1&brch=194&sim=351&cnt=4',4),(386,'Franck-Hertz Experiment',144,'http://amrita.vlab.co.in/?sub=1&brch=195&sim=355&cnt=1',4,'http://amrita.vlab.co.in/?sub=1&brch=195&sim=355&cnt=4',4),(387,'Soldering (Remote Trigger)',144,'http://amrita.vlab.co.in/?sub=1&brch=195&sim=364&cnt=1',4,NULL,4),(388,'Solar Panel Experiment (Remote Trigger)',144,'http://amrita.vlab.co.in/?sub=1&brch=195&sim=360&cnt=1',4,NULL,4),(389,'Photoelectric effect',144,'http://amrita.vlab.co.in/?sub=1&brch=195&sim=840&cnt=1',4,'http://amrita.vlab.co.in/?sub=1&brch=195&sim=840&cnt=4',4),(390,'Determination of Planck\'s Constant',144,'http://amrita.vlab.co.in/?sub=1&brch=195&sim=547&cnt=1',4,'http://amrita.vlab.co.in/?sub=1&brch=195&sim=547&cnt=4',4),(391,'Abbe\'s Refractometer',144,'http://amrita.vlab.co.in/?sub=1&brch=195&sim=545&cnt=1',4,'http://amrita.vlab.co.in/?sub=1&brch=195&sim=545&cnt=4',4),(392,'Emission spectra',144,'http://amrita.vlab.co.in/?sub=1&brch=195&sim=359&cnt=1',4,'http://amrita.vlab.co.in/?sub=1&brch=195&sim=359&cnt=4',4),(393,'Millikan\'s oil drop experiment',144,'http://amrita.vlab.co.in/?sub=1&brch=195&sim=357&cnt=1',4,'http://amrita.vlab.co.in/?sub=1&brch=195&sim=357&cnt=4',4),(394,'Magnetic Material Characterization via Hystersis (',144,'http://amrita.vlab.co.in/?sub=1&brch=195&sim=800&cnt=1',4,NULL,4),(395,'Melde\'s String Apparatus',145,'http://amrita.vlab.co.in/?sub=1&brch=201&sim=882&cnt=1',4,'http://amrita.vlab.co.in/?sub=1&brch=201&sim=882&cnt=4',4),(396,'Kundt\'s Tube Apparatus',145,'http://amrita.vlab.co.in/?sub=1&brch=201&sim=853&cnt=1',4,'http://amrita.vlab.co.in/?sub=1&brch=201&sim=853&cnt=4',4),(397,'Ultrasonic Interferometer',145,'http://amrita.vlab.co.in/?sub=1&brch=201&sim=803&cnt=1',4,'http://amrita.vlab.co.in/?sub=1&brch=201&sim=803&cnt=4',4),(398,'Doppler Effect',145,'http://amrita.vlab.co.in/?sub=1&brch=201&sim=368&cnt=1',4,'http://amrita.vlab.co.in/?sub=1&brch=201&sim=368&cnt=4',4),(399,'Spectrophotometry',147,'http://amrita.vlab.co.in/?sub=2&brch=190&sim=338&cnt=1',4,'http://amrita.vlab.co.in/?sub=2&brch=190&sim=338&cnt=4',4),(400,'Cryoscopy',147,'http://amrita.vlab.co.in/?sub=2&brch=190&sim=337&cnt=1',4,'http://amrita.vlab.co.in/?sub=2&brch=190&sim=337&cnt=4',4),(401,'Ebullioscopy',147,'http://amrita.vlab.co.in/?sub=2&brch=190&sim=1545&cnt=1',4,'http://amrita.vlab.co.in/?sub=2&brch=190&sim=1545&cnt=4',4),(402,'EMF measurement',147,'http://amrita.vlab.co.in/?sub=2&brch=190&sim=361&cnt=1',4,'http://amrita.vlab.co.in/?sub=2&brch=190&sim=361&cnt=4',4),(403,'Determination of Viscosity of Organic Solvents',147,'http://amrita.vlab.co.in/?sub=2&brch=190&sim=339&cnt=1',4,'http://amrita.vlab.co.in/?sub=2&brch=190&sim=339&cnt=4',4),(404,'Adsorption Isotherm',147,'http://amrita.vlab.co.in/?sub=2&brch=190&sim=606&cnt=1',4,'http://amrita.vlab.co.in/?sub=2&brch=190&sim=606&cnt=4',4),(405,'Verification of Tafel Equation',147,'http://amrita.vlab.co.in/?sub=2&brch=190&sim=605&cnt=1',4,'http://amrita.vlab.co.in/?sub=2&brch=190&sim=605&cnt=1087',4),(406,'Determination of Viscosity Average Molecular Weigh',147,'http://amrita.vlab.co.in/?sub=2&brch=190&sim=603&cnt=1',4,'http://amrita.vlab.co.in/?sub=2&brch=190&sim=603&cnt=4',4),(407,'Calorimetry -Water equivalent Calorimetry',147,'http://amrita.vlab.co.in/?sub=2&brch=190&sim=1352&cnt=1',4,'http://amrita.vlab.co.in/?sub=2&brch=190&sim=1352&cnt=4',4),(408,'Calorimetry -Heat of Neutralization',147,'http://amrita.vlab.co.in/?sub=2&brch=190&sim=1546&cnt=1',4,'http://amrita.vlab.co.in/?sub=2&brch=190&sim=1546&cnt=4',4),(409,'Detection of Elements: Lassaigne\'s Test',148,'http://amrita.vlab.co.in/?sub=2&brch=191&sim=344&cnt=1',4,NULL,4),(410,'Separation of Compounds Using Column Chromatograph',148,'http://amrita.vlab.co.in/?sub=2&brch=191&sim=341&cnt=1',4,NULL,4),(411,'Purification by Fractional distillation/crystallis',148,'http://amrita.vlab.co.in/?sub=2&brch=191&sim=340&cnt=1',4,NULL,4),(412,'Purification by Steam distillation/crystallisation',148,'http://amrita.vlab.co.in/?sub=2&brch=191&sim=1547&cnt=1',4,NULL,4),(413,'Laser Flash Photometer',148,'http://amrita.vlab.co.in/?sub=2&brch=191&sim=608&cnt=1',4,NULL,4),(414,'Organic Preparations - Allylation of Isatin',148,'http://amrita.vlab.co.in/?sub=2&brch=191&sim=607&cnt=1',4,NULL,4),(415,'Estimation of Aspirin',148,'http://amrita.vlab.co.in/?sub=2&brch=191&sim=849&cnt=1',4,'http://amrita.vlab.co.in/?sub=2&brch=191&sim=849&cnt=4',4),(416,'Estimation Of Glucose',148,'http://amrita.vlab.co.in/?sub=2&brch=191&sim=692&cnt=1',4,'http://amrita.vlab.co.in/?sub=2&brch=191&sim=692&cnt=4',4),(417,'Calculation of ?max of Organic Compounds Using Woo',148,'http://amrita.vlab.co.in/?sub=2&brch=191&sim=850&cnt=1',4,'http://amrita.vlab.co.in/?sub=2&brch=191&sim=850&cnt=4',4),(418,'Water analysis-Determination of Physical parameter',149,'http://amrita.vlab.co.in/?sub=2&brch=193&sim=575&cnt=1',4,'http://amrita.vlab.co.in/?sub=2&brch=193&sim=575&cnt=4',4),(419,'Water analysis-Determination of Chemical parameter',149,'http://amrita.vlab.co.in/?sub=2&brch=193&sim=1548&cnt=1',4,'http://amrita.vlab.co.in/?sub=2&brch=193&sim=1548&cnt=4',4),(420,'Acid Base Titration',149,'http://amrita.vlab.co.in/?sub=2&brch=193&sim=352&cnt=1',4,'http://amrita.vlab.co.in/?sub=2&brch=193&sim=352&cnt=4',4),(421,'Gravimetric Estimation of Barium',149,'http://amrita.vlab.co.in/?sub=2&brch=193&sim=350&cnt=1',4,NULL,4),(422,'Gravimetric Estimation of Nickel',149,'http://amrita.vlab.co.in/?sub=2&brch=193&sim=348&cnt=1',4,NULL,4),(423,'Crystal Field Theory',149,'http://amrita.vlab.co.in/?sub=2&brch=193&sim=610&cnt=1',4,'http://amrita.vlab.co.in/?sub=2&brch=193&sim=610&cnt=4',4),(424,'Group Theory',149,'http://amrita.vlab.co.in/?sub=2&brch=193&sim=1013&cnt=1',4,'http://amrita.vlab.co.in/?sub=2&brch=193&sim=1013&cnt=4',4),(425,'Alloy Analysis (Brass)',149,'http://amrita.vlab.co.in/?sub=2&brch=193&sim=1255&cnt=1',4,NULL,4),(426,'Soil Analysis-Determination of Specific conductivi',149,'http://amrita.vlab.co.in/?sub=2&brch=193&sim=1315&cnt=1',4,NULL,4),(427,'Soil Analysis-Determination of pH of Soil',149,'http://amrita.vlab.co.in/?sub=2&brch=193&sim=1549&cnt=1',4,NULL,4),(428,'MOS Capacitor',100,'http://iitkgp.vlab.co.in/?sub=37&brch=110&sim=243&cnt=512',4,NULL,4),(429,'BJT Characterization (Gummel Plot)',100,'http://iitkgp.vlab.co.in/?sub=37&brch=110&sim=244&cnt=523',4,NULL,4),(430,'Output Characteristics of a NPN Transistor',100,'http://iitkgp.vlab.co.in/?sub=37&brch=110&sim=245&cnt=525',4,NULL,4),(431,'Emitter resistance',100,'http://iitkgp.vlab.co.in/?sub=37&brch=110&sim=246&cnt=7',4,NULL,4),(432,'Collector Resistance',100,'http://iitkgp.vlab.co.in/?sub=37&brch=110&sim=247&cnt=7',4,NULL,4),(433,'HFE Characteristics',100,'http://iitkgp.vlab.co.in/?sub=37&brch=110&sim=248&cnt=7',4,NULL,4),(434,'IDVD',100,'http://iitkgp.vlab.co.in/?sub=37&brch=110&sim=249&cnt=7',4,NULL,4),(435,'IdVg',100,'http://iitkgp.vlab.co.in/?sub=37&brch=110&sim=250&cnt=7',4,NULL,4),(436,'Phototransistor Characterization',100,'http://iitkgp.vlab.co.in/?sub=37&brch=110&sim=251&cnt=7',4,NULL,4),(437,'Thin Film Roughness Measurement',100,'http://iitkgp.vlab.co.in/?sub=37&brch=110&sim=252&cnt=7',4,NULL,4),(438,'Thickness Measurement Using Ellipsometer',100,'http://iitkgp.vlab.co.in/?sub=37&brch=110&sim=253&cnt=7',4,NULL,4),(439,'MOSFET SPICE Parameter Extraction',100,'http://iitkgp.vlab.co.in/?sub=37&brch=110&sim=254&cnt=7',4,NULL,4),(440,'BJT SPICE Parameter Extraction',100,'http://iitkgp.vlab.co.in/?sub=37&brch=110&sim=255&cnt=7',4,NULL,4),(441,'Determination of Vth of a MOSFET',100,'http://iitkgp.vlab.co.in/?sub=37&brch=110&sim=256&cnt=7',4,NULL,4),(442,'JFET Characterization',100,'http://iitkgp.vlab.co.in/?sub=37&brch=110&sim=257&cnt=7',4,NULL,4),(443,'Analysis of Functions of BCD-TO-7-segment Decoder',188,'http://iitkgp.vlab.co.in/?sub=37&brch=112&sim=1125&cnt=1',4,NULL,4),(444,'Characterization of Digital Logic Families',188,'http://iitkgp.vlab.co.in/?sub=37&brch=112&sim=1126&cnt=1',4,NULL,4),(445,'Analysis and Synthesis of Boolean Expressions usin',188,'http://iitkgp.vlab.co.in/?sub=37&brch=112&sim=1127&cnt=1',4,NULL,4),(446,'Analysis and Synthesis of Logic Functions using Mu',188,'http://iitkgp.vlab.co.in/?sub=37&brch=112&sim=1128&cnt=1',4,NULL,4),(447,'Analysis and Synthesis of Logic Functions using De',188,'http://iitkgp.vlab.co.in/?sub=37&brch=112&sim=1129&cnt=1',4,NULL,4),(448,'Study of sampling theorem, effect of undersampling',187,'http://iitkgp.vlab.co.in/?sub=37&brch=114&sim=1130&cnt=1',4,NULL,4),(449,'Study of Quantization of continuous-amplitude, dis',187,'http://iitkgp.vlab.co.in/?sub=37&brch=114&sim=1131&cnt=1',4,NULL,4),(450,'Study of different types of Companding Techniques',187,'http://iitkgp.vlab.co.in/?sub=37&brch=114&sim=1132&cnt=1',4,NULL,4),(451,'Study of properties of Linear time-invariant syste',187,'http://iitkgp.vlab.co.in/?sub=37&brch=114&sim=1133&cnt=1',4,NULL,4),(452,'Study of convolution: series and parallel system',187,'http://iitkgp.vlab.co.in/?sub=37&brch=114&sim=1134&cnt=1',4,NULL,4),(453,'Print string',186,NULL,4,NULL,4),(454,'Verification of Superposition Theorem',88,'http://iitkgp.vlab.co.in/?sub=39&brch=124&sim=922&cnt=1',4,'http://iitkgp.vlab.co.in/?sub=39&brch=124&sim=922&cnt=3071',4),(455,'Verification of Thevenin Theorem',88,'http://iitkgp.vlab.co.in/?sub=39&brch=124&sim=921&cnt=1',4,'http://iitkgp.vlab.co.in/?sub=39&brch=124&sim=921&cnt=4',4),(456,'Verification of Reciprocity Theorem',88,'http://iitkgp.vlab.co.in/?sub=39&brch=124&sim=920&cnt=1701',4,'http://iitkgp.vlab.co.in/?sub=39&brch=124&sim=920&cnt=4',4),(457,'Verification of Norton Theorem',88,'http://iitkgp.vlab.co.in/?sub=39&brch=124&sim=923&cnt=1',4,'http://iitkgp.vlab.co.in/?sub=39&brch=124&sim=923&cnt=4',4),(458,'Verification of Tellegen\'s Theorem',88,'http://iitkgp.vlab.co.in/?sub=39&brch=124&sim=1658&cnt=1',4,NULL,4),(459,'Verification of Compensation Theorem',88,'http://iitkgp.vlab.co.in/?sub=39&brch=124&sim=1659&cnt=1',4,NULL,4),(460,'Measurement of Capacitance by Schering Bridge',88,'http://iitkgp.vlab.co.in/?sub=39&brch=124&sim=1660&cnt=1',4,NULL,4),(461,'Mesurement of Self Inductance by Owen Bridge',88,'http://iitkgp.vlab.co.in/?sub=39&brch=124&sim=1661&cnt=1',4,NULL,4),(462,'Measurement of Self Inductance by Maxwell\'s Bridge',88,'http://iitkgp.vlab.co.in/?sub=39&brch=124&sim=1662&cnt=1',4,NULL,4),(463,'Measurement of Capacitance by Carey Foster Bridge',88,'http://iitkgp.vlab.co.in/?sub=39&brch=124&sim=1663&cnt=1',4,NULL,4),(464,'Verification of Millman\'s Theorem.',88,'http://iitkgp.vlab.co.in/?sub=39&brch=124&sim=1647&cnt=1',4,'http://iitkgp.vlab.co.in/?sub=39&brch=124&sim=1647&cnt=4',4),(465,'Tests on Single Phase Transformer',88,'http://iitkgp.vlab.co.in/?sub=39&brch=124&sim=924&cnt=1',4,'http://iitkgp.vlab.co.in/?sub=39&brch=124&sim=924&cnt=4',4),(466,'Verification of Maximum Power Transfer Theorem.',88,'http://iitkgp.vlab.co.in/?sub=39&brch=124&sim=910&cnt=1',4,'http://iitkgp.vlab.co.in/?sub=39&brch=124&sim=910&cnt=3072',4),(467,'Determination of different parameters of Two-port',88,'http://iitkgp.vlab.co.in/?sub=39&brch=124&sim=1006&cnt=1',4,'http://iitkgp.vlab.co.in/?sub=39&brch=124&sim=1006&cnt=4',4),(468,'Measurement of Self-Inductance by Maxwell Bridge',88,'http://iitkgp.vlab.co.in/?sub=39&brch=124&sim=926&cnt=1',4,'http://iitkgp.vlab.co.in/?sub=39&brch=124&sim=926&cnt=4',4),(469,'Measurement of Capacitance by De Sauty\'s (Modified',88,'http://iitkgp.vlab.co.in/?sub=39&brch=124&sim=1011&cnt=1',4,'http://iitkgp.vlab.co.in/?sub=39&brch=124&sim=1011&cnt=4',4),(470,'To study the Wien Robinson\'s Frequency Bridge.',88,'http://iitkgp.vlab.co.in/?sub=39&brch=124&sim=1276&cnt=3050',4,'http://iitkgp.vlab.co.in/?sub=39&brch=124&sim=1276&cnt=4',4),(471,'To study the Kelvin Double Bridge for Low resistan',88,'http://iitkgp.vlab.co.in/?sub=39&brch=124&sim=1277&cnt=1',4,'http://iitkgp.vlab.co.in/?sub=39&brch=124&sim=1277&cnt=4',4),(472,'To find Galvanometer Constant',88,'http://iitkgp.vlab.co.in/?sub=39&brch=124&sim=1579&cnt=1',4,'http://iitkgp.vlab.co.in/?sub=39&brch=124&sim=1579&cnt=4',4),(473,'To determine Mutual Inductance measurement by Camp',88,'http://iitkgp.vlab.co.in/?sub=39&brch=124&sim=1580&cnt=1',4,'http://iitkgp.vlab.co.in/?sub=39&brch=124&sim=1580&cnt=4',4),(474,'To determine the High Resistance by Megohm Bridge',88,'http://iitkgp.vlab.co.in/?sub=39&brch=124&sim=1581&cnt=1',4,'http://iitkgp.vlab.co.in/?sub=39&brch=124&sim=1581&cnt=4',4),(475,'Q meter Experiment',88,'http://iitkgp.vlab.co.in/?sub=39&brch=124&sim=1646&cnt=1',4,'http://iitkgp.vlab.co.in/?sub=39&brch=124&sim=1646&cnt=4',4),(476,'Precision Resistance Measurement by Carey Foster S',88,'http://iitkgp.vlab.co.in/?sub=39&brch=124&sim=1645&cnt=1',4,'http://iitkgp.vlab.co.in/?sub=39&brch=124&sim=1645&cnt=4',4),(477,'R-L-C Circuit Analysis',88,'http://iitkgp.vlab.co.in/?sub=39&brch=124&sim=1648&cnt=1',4,'http://iitkgp.vlab.co.in/?sub=39&brch=124&sim=1648&cnt=4',4),(478,'Measurement of Self Inductance of High Quality Fac',88,'http://iitkgp.vlab.co.in/?sub=39&brch=124&sim=1649&cnt=1',4,'http://iitkgp.vlab.co.in/?sub=39&brch=124&sim=1649&cnt=4',4),(479,'Mutual Inductance measurement by Heydweiller Bridg',88,'http://iitkgp.vlab.co.in/?sub=39&brch=124&sim=1652&cnt=1',4,'http://iitkgp.vlab.co.in/?sub=39&brch=124&sim=1652&cnt=4',4),(480,'Measurement of Self Inductance accurately by Ander',88,'http://iitkgp.vlab.co.in/?sub=39&brch=124&sim=1653&cnt=1',4,'http://iitkgp.vlab.co.in/?sub=39&brch=124&sim=1653&cnt=4',4),(481,'Three Phase Power Measurement',88,'http://iitkgp.vlab.co.in/?sub=39&brch=124&sim=1654&cnt=1',4,'http://iitkgp.vlab.co.in/?sub=39&brch=124&sim=1654&cnt=4',4),(482,'DF-Part1: Digital FIR filter design and simulation',89,'http://iitkgp.vlab.co.in/?sub=39&brch=125&sim=1148&cnt=3252',4,'http://iitkgp.vlab.co.in/?sub=39&brch=125&sim=1148&cnt=4',4),(483,'DF-Part2: Fixed point Implementation of Digital FI',89,'http://iitkgp.vlab.co.in/?sub=39&brch=125&sim=1176&cnt=3253',4,'http://iitkgp.vlab.co.in/?sub=39&brch=125&sim=1176&cnt=4',4),(484,'DF-Part3: MCU-DAC interfacing and generation of ra',89,'http://iitkgp.vlab.co.in/?sub=39&brch=125&sim=1179&cnt=3266',4,'http://iitkgp.vlab.co.in/?sub=39&brch=125&sim=1179&cnt=4',4),(485,'DF-Part4: Interfacing of ADC and data trasnfer by',89,'http://iitkgp.vlab.co.in/?sub=39&brch=125&sim=1204&cnt=3267',4,'http://iitkgp.vlab.co.in/?sub=39&brch=125&sim=1204&cnt=4',4),(486,'DF-Part5: ADC triggering through timer(On Chip Tim',89,'http://iitkgp.vlab.co.in/?sub=39&brch=125&sim=1224&cnt=3268',4,'http://iitkgp.vlab.co.in/?sub=39&brch=125&sim=1224&cnt=4',4),(487,'DF-Part6: Interrupt driven data transfer from ADC',89,'http://iitkgp.vlab.co.in/?sub=39&brch=125&sim=1228&cnt=3269',4,'http://iitkgp.vlab.co.in/?sub=39&brch=125&sim=1228&cnt=4',4),(488,'DF-Part7 Implementation of Digital FIR Filter on 8',89,'http://iitkgp.vlab.co.in/?sub=39&brch=125&sim=637&cnt=4',4,'http://iitkgp.vlab.co.in/?sub=39&brch=125&sim=637&cnt=4',4),(489,'SM-Part1: LCD - MCU interfacing and displaying a s',89,'http://iitkgp.vlab.co.in/?sub=39&brch=125&sim=1162&cnt=3271',4,'http://iitkgp.vlab.co.in/?sub=39&brch=125&sim=1162&cnt=4',4),(490,'SM-Part2 Keyboard-MCU interfacing take a input fro',89,'http://iitkgp.vlab.co.in/?sub=39&brch=125&sim=1166&cnt=3272',4,'http://iitkgp.vlab.co.in/?sub=39&brch=125&sim=1166&cnt=4',4),(491,'SM-Part3: Stepper Motor Control Using ATMEGA-16 Mi',89,'http://iitkgp.vlab.co.in/?sub=39&brch=125&sim=639&cnt=3273',4,'http://iitkgp.vlab.co.in/?sub=39&brch=125&sim=639&cnt=4',4),(492,'HN-Part1: Interface a LED matrix and display a num',89,'http://iitkgp.vlab.co.in/?sub=39&brch=125&sim=1164&cnt=3274',4,'http://iitkgp.vlab.co.in/?sub=39&brch=125&sim=1164&cnt=4',4),(493,'HN-Part2: Interfacing 4x4 switch matrix with the m',89,'http://iitkgp.vlab.co.in/?sub=39&brch=125&sim=1165&cnt=3275',4,'http://iitkgp.vlab.co.in/?sub=39&brch=125&sim=1165&cnt=4',4),(494,'HN-Part3: Implementation of Hopfield network in C',89,'http://iitkgp.vlab.co.in/?sub=39&brch=125&sim=1163&cnt=3276',4,'http://iitkgp.vlab.co.in/?sub=39&brch=125&sim=1163&cnt=4',4),(495,'HN-Part4: Implementation of Hopfield Network on AT',89,'http://iitkgp.vlab.co.in/?sub=39&brch=125&sim=899&cnt=3277',4,'http://iitkgp.vlab.co.in/?sub=39&brch=125&sim=899&cnt=4',4),(496,'SC: Serial Communication between micro controller',89,'http://iitkgp.vlab.co.in/?sub=39&brch=125&sim=1008&cnt=3278',4,'http://iitkgp.vlab.co.in/?sub=39&brch=125&sim=1008&cnt=4',4),(497,'TC: Temperature control using ATmega16',89,'http://iitkgp.vlab.co.in/?sub=39&brch=125&sim=931&cnt=3279',4,'http://iitkgp.vlab.co.in/?sub=39&brch=125&sim=931&cnt=4',4),(498,'Drawing Board',90,'http://iitkgp.vlab.co.in/?sub=39&brch=125&sim=931&cnt=4',4,'http://vls1.iitkgp.ernet.in/vls_web/experiments/experiment.php?expId=166#',4),(499,'Three Point Path Synthesis with a RRRR Mechanism',90,'http://vls1.iitkgp.ernet.in/vls_web/experiments/experiment.php?expId=187',4,'http://vls1.iitkgp.ernet.in/vls_web/experiments/experiment.php?expId=187#',4),(500,'Position Analysis of Spherical 4 Bar Mechanisms',90,'http://vls1.iitkgp.ernet.in/vls_web/experiments/experiment.php?expId=189',4,'http://vls1.iitkgp.ernet.in/vls_web/experiments/experiment.php?expId=189#',4),(501,'Three Position Coordinated Motion Synthesis with a',90,'http://vls1.iitkgp.ernet.in/vls_web/experiments/experiment.php?expId=191',4,'http://vls1.iitkgp.ernet.in/vls_web/experiments/experiment.php?expId=191#',4),(502,'Simulation of Universal Joint',90,'http://vls1.iitkgp.ernet.in/vls_web/experiments/experiment.php?expId=192',4,'http://vls1.iitkgp.ernet.in/vls_web/experiments/experiment.php?expId=192#',4),(503,'Position Analysis of a 4 Bar RRRR Grashofian Doubl',90,'http://vls1.iitkgp.ernet.in/vls_web/experiments/experiment.php?expId=232',4,'http://vls1.iitkgp.ernet.in/vls_web/experiments/experiment.php?expId=232#',4),(504,'Position Analysis of a 4 Bar Grashofian Crank Rock',90,'http://vls1.iitkgp.ernet.in/vls_web/experiments/experiment.php?expId=233',4,'http://vls1.iitkgp.ernet.in/vls_web/experiments/experiment.php?expId=233#',4),(505,'Position Analysis of a 4 Bar RRRR Grashofian Doubl',90,'http://vls1.iitkgp.ernet.in/vls_web/experiments/experiment.php?expId=234',4,'http://vls1.iitkgp.ernet.in/vls_web/experiments/experiment.php?expId=234#',4),(506,'Position Analysis of a 4 Bar RRRR Non Grashofian D',90,'http://vls1.iitkgp.ernet.in/vls_web/experiments/experiment.php?expId=235',4,'http://vls1.iitkgp.ernet.in/vls_web/experiments/experiment.php?expId=235#',4),(507,'Position Analysis of a 4 Bar RRRP Grashofian Slide',90,'http://vls1.iitkgp.ernet.in/vls_web/experiments/experiment.php?expId=236',4,'http://vls1.iitkgp.ernet.in/vls_web/experiments/experiment.php?expId=236#',4),(508,'Position Analysis of a 4 Bar RRRP Grashofian Slide',90,'http://vls1.iitkgp.ernet.in/vls_web/experiments/experiment.php?expId=237',4,'http://vls1.iitkgp.ernet.in/vls_web/experiments/experiment.php?expId=237#',4),(509,'Position Analysis of a 4 Bar RRRP Non Grashofian S',90,'http://vls1.iitkgp.ernet.in/vls_web/experiments/experiment.php?expId=238',4,'http://vls1.iitkgp.ernet.in/vls_web/experiments/experiment.php?expId=238#',4),(510,'Position Analysis of a 4 Bar RRPR Grashofian Inver',90,'http://vls1.iitkgp.ernet.in/vls_web/experiments/experiment.php?expId=239',4,'http://vls1.iitkgp.ernet.in/vls_web/experiments/experiment.php?expId=239#',4),(511,'Position Analysis of a 4 Bar RRPR Grashofian Inver',90,'http://vls1.iitkgp.ernet.in/vls_web/experiments/experiment.php?expId=240',4,'http://vls1.iitkgp.ernet.in/vls_web/experiments/experiment.php?expId=240#',4),(512,'Position Analysis of a 4 Bar RRPR Non Grashofian I',90,'http://vls1.iitkgp.ernet.in/vls_web/experiments/experiment.php?expId=241',4,'http://vls1.iitkgp.ernet.in/vls_web/experiments/experiment.php?expId=241#',4),(513,'Dead Center Synthesis with RRRR Mechanism',90,'http://vls1.iitkgp.ernet.in/vls_web/experiments/experiment.php?expId=242',4,'http://vls1.iitkgp.ernet.in/vls_web/experiments/experiment.php?expId=242#',4),(514,'Dead Center Synthesis with RRRP Mechanism',90,'http://vls1.iitkgp.ernet.in/vls_web/experiments/experiment.php?expId=246',4,'http://vls1.iitkgp.ernet.in/vls_web/experiments/experiment.php?expId=246#',4),(515,'Two Position Coordinated Motion Synthesis with a R',90,'http://vls1.iitkgp.ernet.in/vls_web/experiments/experiment.php?expId=247',4,'http://vls1.iitkgp.ernet.in/vls_web/experiments/experiment.php?expId=247#',4),(516,'Three Position Coordinated Motion Synthesis with a',90,'http://vls1.iitkgp.ernet.in/vls_web/experiments/experiment.php?expId=255',4,'http://vls1.iitkgp.ernet.in/vls_web/experiments/experiment.php?expId=255#',4),(517,'Two Position Coordinated Motion Synthesis with a R',90,'http://vls1.iitkgp.ernet.in/vls_web/experiments/experiment.php?expId=256',4,'http://vls1.iitkgp.ernet.in/vls_web/experiments/experiment.php?expId=256#',4),(518,'Four Point Path Synthesis with a RRRR Mechanism',90,'http://vls1.iitkgp.ernet.in/vls_web/experiments/experiment.php?expId=257',4,'http://vls1.iitkgp.ernet.in/vls_web/experiments/experiment.php?expId=257#',4),(519,'Three Point Path Synthesis with Coordinated Motion',90,'http://vls1.iitkgp.ernet.in/vls_web/experiments/experiment.php?expId=258',4,'http://vls1.iitkgp.ernet.in/vls_web/experiments/experiment.php?expId=258#',4),(520,'Three Position Rigid Body Guidance with a RRRR Mec',90,'http://vls1.iitkgp.ernet.in/vls_web/experiments/experiment.php?expId=259',4,'http://vls1.iitkgp.ernet.in/vls_web/experiments/experiment.php?expId=259#',4),(521,'Three Position Rigid Body Guidance with a RRRP Mec',90,'http://vls1.iitkgp.ernet.in/vls_web/experiments/experiment.php?expId=260',4,'http://vls1.iitkgp.ernet.in/vls_web/experiments/experiment.php?expId=260#',4),(522,'Peaucellier Mechanism',90,'http://vls1.iitkgp.ernet.in/vls_web/experiments/experiment.php?expId=261',4,'http://vls1.iitkgp.ernet.in/vls_web/experiments/experiment.php?expId=261#',4),(523,'Hart Straight Line Mechanism 1',90,'http://vls1.iitkgp.ernet.in/vls_web/experiments/experiment.php?expId=262',4,'http://vls1.iitkgp.ernet.in/vls_web/experiments/experiment.php?expId=262#',4),(524,'Hart Straight Line Mechanism 2',90,'http://vls1.iitkgp.ernet.in/vls_web/experiments/experiment.php?expId=263',4,'http://vls1.iitkgp.ernet.in/vls_web/experiments/experiment.php?expId=263#',4),(525,'Kempe Straight Line Mechanism',90,'http://vls1.iitkgp.ernet.in/vls_web/experiments/experiment.php?expId=264',4,'http://vls1.iitkgp.ernet.in/vls_web/experiments/experiment.php?expId=264#',4),(526,'Calibration of Inclined Tube Manometer by the use',96,'http://iitkgp.vlab.co.in/?sub=40&brch=137&sim=453&cnt=1180',4,'http://iitkgp.vlab.co.in/?sub=40&brch=137&sim=453&cnt=4',4),(527,'Familiarization with Assmann Psychrometer and Esti',96,'http://iitkgp.vlab.co.in/?sub=40&brch=137&sim=454&cnt=1',4,'http://iitkgp.vlab.co.in/?sub=40&brch=137&sim=454&cnt=4',4),(528,'Establishment of the Relationship between Kata Coo',96,'http://iitkgp.vlab.co.in/?sub=40&brch=137&sim=455&cnt=1',4,'http://iitkgp.vlab.co.in/?sub=40&brch=137&sim=455&cnt=4',4),(529,'Determination of Shock Pressure Loss in Presence o',96,'http://iitkgp.vlab.co.in/?sub=40&brch=137&sim=897&cnt=1',4,'http://iitkgp.vlab.co.in/?sub=40&brch=137&sim=897&cnt=4',4),(530,'Determination  of Frictional Co-efficient of Mine',96,'http://iitkgp.vlab.co.in/?sub=40&brch=137&sim=896&cnt=1',4,'http://iitkgp.vlab.co.in/?sub=40&brch=137&sim=896&cnt=4',4),(531,'Determination of method factor for a duct.',96,'http://iitkgp.vlab.co.in/?sub=40&brch=137&sim=1256&cnt=1',4,'http://iitkgp.vlab.co.in/?sub=40&brch=137&sim=1256&cnt=4',4),(532,'Calibration of Orifice Plate',96,'http://iitkgp.vlab.co.in/?sub=40&brch=137&sim=1367&cnt=1',4,'http://iitkgp.vlab.co.in/?sub=40&brch=137&sim=1367&cnt=4',4),(533,'Precise Traversing in a Duct using Pitot Tube',96,'http://iitkgp.vlab.co.in/?sub=40&brch=137&sim=1533&cnt=1',4,'http://iitkgp.vlab.co.in/?sub=40&brch=137&sim=1533&cnt=4',4),(534,'Performance Evaluation of Mine Evasee Present in a',96,'http://iitkgp.vlab.co.in/?sub=40&brch=137&sim=895&cnt=1',4,'http://iitkgp.vlab.co.in/?sub=40&brch=137&sim=895&cnt=4',4),(535,'Fan Rating Test',96,'http://iitkgp.vlab.co.in/?sub=40&brch=137&sim=1534&cnt=1',4,'http://iitkgp.vlab.co.in/?sub=40&brch=137&sim=1534&cnt=4',4),(536,'Familiarisation with Resistor',99,'http://basicelectronics.iitkgp.ernet.in/view2.php?link=T001&courseId=C001',4,'http://basicelectronics.iitkgp.ernet.in/view2.php?link=T004&courseId=C001',4),(537,'Familiarisation with Capacitor',99,'http://basicelectronics.iitkgp.ernet.in/view2.php?link=T001&courseId=C002',4,'http://basicelectronics.iitkgp.ernet.in/view2.php?link=T004&courseId=C002',4),(538,'Familiarisation with Inductor',99,'http://basicelectronics.iitkgp.ernet.in/view2.php?link=T001&courseId=C003',4,'http://basicelectronics.iitkgp.ernet.in/view2.php?link=T004&courseId=C003',4),(539,'Ohms Law',99,'http://basicelectronics.iitkgp.ernet.in/view2.php?link=T001&courseId=C004',4,'http://basicelectronics.iitkgp.ernet.in/view2.php?link=T004&courseId=C004',4),(540,'VI Characteristics of a Diode',99,'http://basicelectronics.iitkgp.ernet.in/view2.php?link=T001&courseId=C005',4,'http://basicelectronics.iitkgp.ernet.in/view2.php?link=T004&courseId=C005',4),(541,'Half Wave Rectification',99,'http://basicelectronics.iitkgp.ernet.in/view2.php?link=T001&courseId=C006',4,'http://basicelectronics.iitkgp.ernet.in/view2.php?link=T004&courseId=C006',4),(542,'Full Wave Rectification',99,'http://basicelectronics.iitkgp.ernet.in/view2.php?link=T001&courseId=C007',4,'http://basicelectronics.iitkgp.ernet.in/view2.php?link=T004&courseId=C007',4),(543,'Capacitative Rectification',99,'http://basicelectronics.iitkgp.ernet.in/view2.php?link=T001&courseId=C008',4,'http://basicelectronics.iitkgp.ernet.in/view2.php?link=T004&courseId=C008',4),(544,'VI Characteristics of a Zener Diode',99,'http://basicelectronics.iitkgp.ernet.in/view2.php?link=T001&courseId=C010',4,'http://basicelectronics.iitkgp.ernet.in/view2.php?link=T004&courseId=C010',4),(545,'BJT Common Emitter Characteristics',99,'http://basicelectronics.iitkgp.ernet.in/view2.php?link=T001&courseId=C011',4,'http://basicelectronics.iitkgp.ernet.in/view2.php?link=T004&courseId=C011',4),(546,'BJT Common Base Characteristics',99,'http://basicelectronics.iitkgp.ernet.in/view2.php?link=T001&courseId=C012',4,'http://basicelectronics.iitkgp.ernet.in/view2.php?link=T004&courseId=C012',4),(547,'Studies on BJT CE Amplifier',99,'http://basicelectronics.iitkgp.ernet.in/view2.php?link=T001&courseId=C013',4,'http://basicelectronics.iitkgp.ernet.in/view2.php?link=T004&courseId=C013',4),(548,'RC Frequency Response',99,'http://basicelectronics.iitkgp.ernet.in/view2.php?link=T001&courseId=C014',4,'http://basicelectronics.iitkgp.ernet.in/view2.php?link=T004&courseId=C014',4),(549,'RC Differentiator and Integrator',99,'http://basicelectronics.iitkgp.ernet.in/view2.php?link=T001&courseId=C015',4,'http://basicelectronics.iitkgp.ernet.in/view2.php?link=T004&courseId=C015',4),(550,'Voltage Multipliers',99,'http://basicelectronics.iitkgp.ernet.in/view2.php?link=T001&courseId=C009',4,'http://basicelectronics.iitkgp.ernet.in/view2.php?link=T004&courseId=C009',4),(551,'Diodes as Clampers',201,'http://basicelectronics.iitkgp.ernet.in/view2.php?link=T001&courseId=C016',4,'http://basicelectronics.iitkgp.ernet.in/view2.php?link=T004&courseId=C016',4),(552,'Diodes as Clippers',201,'http://basicelectronics.iitkgp.ernet.in/view2.php?link=T001&courseId=C017',4,'http://basicelectronics.iitkgp.ernet.in/view2.php?link=T004&courseId=C017',4),(553,'BJT as Switch and Load Lines',201,'http://basicelectronics.iitkgp.ernet.in/view2.php?link=T001&courseId=C018',4,'http://basicelectronics.iitkgp.ernet.in/view2.php?link=T004&courseId=C018',4),(554,'Demonstrate plant genetics by the accumulation pat',204,'http://iitkgp.vlab.co.in/?sub=79&brch=262&sim=1415&cnt=1',4,'http://iitkgp.vlab.co.in/?sub=79&brch=262&sim=1415&cnt=4',4),(555,'Apply protocols to see how the accumulation of met',204,'http://iitkgp.vlab.co.in/?sub=79&brch=262&sim=1403&cnt=1',4,'http://iitkgp.vlab.co.in/?sub=79&brch=262&sim=1403&cnt=4',4),(556,'Demonstrate the extraction and qualitative and qua',204,'http://iitkgp.vlab.co.in/?sub=79&brch=262&sim=1299&cnt=1',4,'http://iitkgp.vlab.co.in/?sub=79&brch=262&sim=1299&cnt=4',4),(557,'Study accumulation of secondary metabolites in pla',204,'http://iitkgp.vlab.co.in/?sub=79&brch=262&sim=1298&cnt=1',4,'http://iitkgp.vlab.co.in/?sub=79&brch=262&sim=1298&cnt=4',4),(558,'StirredTank Heater Experiment',97,'http://iitkgp.vlab.co.in/?sub=35&brch=107&sim=1173&cnt=1',4,'http://iitkgp.vlab.co.in/?sub=35&brch=107&sim=1173&cnt=4',4),(559,'Shell And Tube Heat Exchanger',97,'http://iitkgp.vlab.co.in/?sub=35&brch=107&sim=1174&cnt=1',4,'http://iitkgp.vlab.co.in/?sub=35&brch=107&sim=1174&cnt=4',4),(560,'Polymer Reactor',97,'http://iitkgp.vlab.co.in/?sub=35&brch=107&sim=1539&cnt=2',4,NULL,4),(561,'Flash drum',97,'http://iitkgp.vlab.co.in/?sub=35&brch=107&sim=1504&cnt=7',4,NULL,4),(562,'Continuos Stirred Tank Reactor',97,'http://iitkgp.vlab.co.in/?sub=35&brch=107&sim=1175&cnt=1',4,'http://iitkgp.vlab.co.in/?sub=35&brch=107&sim=1175&cnt=4',4),(563,'Feed Batch Fermentor',97,'http://iitkgp.vlab.co.in/?sub=35&brch=107&sim=1206&cnt=1',4,NULL,4),(564,'Adsorption',97,'http://iitkgp.vlab.co.in/?sub=35&brch=107&sim=1531&cnt=1',4,'http://iitkgp.vlab.co.in/?sub=35&brch=107&sim=1531&cnt=4',4),(565,'Identifying the requirements from problem statemen',202,'http://iitkgp.vlab.co.in/?sub=38&brch=122&sim=373&cnt=1',4,NULL,4),(566,'Estimation of project metrics',202,NULL,4,NULL,4),(567,'Vibration Characteristics of Aluminum Cantilever B',57,'http://ssdl.iitd.ac.in/vssdl/exp1.html',4,'http://ssdl.iitd.ac.in/vssdl/exp1.html',4),(568,'Antenna Radiation Pattern',58,'http://118.102.191.41/view2.php?link=T001',4,'http://118.102.191.41/logintestform1.html',4),(569,'Gain Bandwidth Plot for an Antenna',58,'http://118.102.191.41/Experiment2/view2.php?link=T0011',4,NULL,4),(570,'RMS Delay Spread Measurement',58,'http://118.102.191.41/Experiment3/view2.php?link=T001',4,'http://118.102.191.41/logintestform3.html',4),(571,'Cross Polar Discrimination',58,'http://118.102.191.41/Experiment4/view2.php?link=T001',4,NULL,4),(572,'To measure the SNR ratio',58,'http://118.102.191.41/Experiment5/view2.php?link=T001',4,NULL,4),(573,'Mobile Hand-Off',58,'http://118.102.191.41/Experiment6/view2.php?link=T001',4,'http://118.102.191.38/experiment/e6.swf',4),(574,'Bioreactor- Basics',166,'http://iitd.vlab.co.in/?sub=63&brch=177&sim=647&cnt=1',4,'http://iitd.vlab.co.in/?sub=63&brch=177&sim=647&cnt=4',4),(575,'Control Characteristics of pH Controller',166,'http://iitd.vlab.co.in/?sub=63&brch=177&sim=1259&cnt=1',4,NULL,4),(576,'Estimation of growth kinetic parameters in batch fermentation',166,'http://iitd.vlab.co.in/?sub=63&brch=177&sim=1348&cnt=1',4,NULL,4),(577,'Simultaneous measurement of specific growth / death rate of micro organisms',166,'http://iitd.vlab.co.in/?sub=63&brch=177&sim=1418&cnt=1',4,NULL,4),(578,'Determination of Volumeteric Mass Transfer Co-efficient (Dynamic method)',166,'http://iitd.vlab.co.in/?sub=63&brch=177&sim=1194&cnt=1',4,NULL,4),(579,'Determination of Volumeteric Mass Transfer Co-efficient (Oxygen balance method)',166,'http://iitd.vlab.co.in/?sub=63&brch=177&sim=1195&cnt=1',4,NULL,4),(580,'Development of mathematical model',166,'http://iitd.vlab.co.in/?sub=63&brch=177&sim=1542&cnt=3225',4,NULL,4),(581,'Batch Microbial Cultivation',166,'http://iitd.vlab.co.in/?sub=63&brch=177&sim=648&cnt=1',4,'http://iitd.vlab.co.in/?sub=63&brch=177&sim=648&cnt=1938',4),(582,'Fed-Batch Microbial Cultivation',166,'http://iitd.vlab.co.in/?sub=63&brch=177&sim=649&cnt=1',4,'http://iitd.vlab.co.in/?sub=63&brch=177&sim=649&cnt=4',4),(583,'Continuous Microbial Cultivation',166,'http://iitd.vlab.co.in/?sub=63&brch=177&sim=650&cnt=1',4,'http://iitd.vlab.co.in/?sub=63&brch=177&sim=650&cnt=2575',4),(584,'Biopolymer Production by Microbes',166,'http://iitd.vlab.co.in/?sub=63&brch=177&sim=1323&cnt=1',4,'http://iitd.vlab.co.in/?sub=63&brch=177&sim=1323&cnt=4',4),(585,'Acetone-Butanol-Ethanol Fermentation',166,'http://iitd.vlab.co.in/?sub=63&brch=177&sim=1192&cnt=1',4,'http://iitd.vlab.co.in/?sub=63&brch=177&sim=1192&cnt=4',4),(586,'Propionic Acid Fermentation',166,'http://iitd.vlab.co.in/?sub=63&brch=177&sim=1188&cnt=1',4,'http://iitd.vlab.co.in/?sub=63&brch=177&sim=1188&cnt=4',4),(587,'1, 3 Propanediol Fermentation',166,'http://iitd.vlab.co.in/?sub=63&brch=177&sim=1633&cnt=1',4,'http://iitd.vlab.co.in/?sub=63&brch=177&sim=1633&cnt=4',4),(588,'Plant Cell Laboratory Experiment',166,'http://iitd.vlab.co.in/?sub=63&brch=177&sim=1541&cnt=3247',4,NULL,4),(589,'Plant Cell-Batch Cultivation',166,'http://iitd.vlab.co.in/?sub=63&brch=177&sim=651&cnt=1',4,'http://iitd.vlab.co.in/?sub=63&brch=177&sim=651&cnt=4',4),(590,'Animal Cell Batch Culture',166,'http://iitd.vlab.co.in/?sub=63&brch=177&sim=817&cnt=1',4,'http://iitd.vlab.co.in/?sub=63&brch=177&sim=817&cnt=4',4),(591,'Animal Cell Fed Batch Cultivation',166,'http://iitd.vlab.co.in/?sub=63&brch=177&sim=1193&cnt=1',4,'http://iitd.vlab.co.in/?sub=63&brch=177&sim=1193&cnt=4',4),(592,'Study of Enzyme Kinetics',166,'http://iitd.vlab.co.in/?sub=63&brch=177&sim=1634&cnt=1',4,NULL,4),(593,'Immobilization of whole cells',166,'http://iitd.vlab.co.in/?sub=63&brch=177&sim=1347&cnt=1',4,NULL,4),(594,'15 Liter Bio-reactor Cultivation',166,'http://iitd.vlab.co.in/?sub=63&brch=177&sim=1644&cnt=2',4,NULL,4),(595,'To measure the sideband levels of a modulated signal',59,'http://iitd.vlab.co.in/?sub=65&brch=183&sim=928&cnt=1',4,'http://iitd.vlab.co.in/?sub=65&brch=183&sim=928&cnt=1720',4),(596,'Measuring conversion loss of a given harmonic mixer',59,'http://iitd.vlab.co.in/?sub=65&brch=183&sim=929&cnt=1',4,'http://iitd.vlab.co.in/?sub=65&brch=183&sim=929&cnt=1716',4),(597,'Calibration of vector network analyzer and spectrum analyzer',59,'http://iitd.vlab.co.in/?sub=65&brch=183&sim=930&cnt=1',4,'http://iitd.vlab.co.in/?sub=65&brch=183&sim=930&cnt=1724',4),(598,'S-Parameter',59,'http://iitd.vlab.co.in/?sub=65&brch=183&sim=933&cnt=1',4,'http://iitd.vlab.co.in/?sub=65&brch=183&sim=933&cnt=1733',4),(599,'Near Field',59,'http://iitd.vlab.co.in/?sub=65&brch=183&sim=945&cnt=1',4,'http://iitd.vlab.co.in/?sub=65&brch=183&sim=945&cnt=1754',4),(600,'Wireless link',59,'http://iitd.vlab.co.in/?sub=65&brch=183&sim=947&cnt=1',4,'http://iitd.vlab.co.in/?sub=65&brch=183&sim=947&cnt=1748',4),(601,'Infinite Capacity Markovian Models',55,'http://iitd.vlab.co.in/?sub=65&brch=182&sim=406&cnt=438',4,'http://iitd.vlab.co.in/?sub=65&brch=182&sim=406&cnt=4',4),(602,'Finite Capacity Markovian Models',55,'http://iitd.vlab.co.in/?sub=65&brch=182&sim=415&cnt=626',4,'http://iitd.vlab.co.in/?sub=65&brch=182&sim=415&cnt=4',4),(603,'Retrial Markovian Models for Bulk Arrival/Service',55,'http://iitd.vlab.co.in/?sub=65&brch=182&sim=461&cnt=627',4,'http://iitd.vlab.co.in/?sub=65&brch=182&sim=461&cnt=4',4),(604,'Infinite Capacity Non-Markovian Models',55,'http://iitd.vlab.co.in/?sub=65&brch=182&sim=462&cnt=1262',4,'http://iitd.vlab.co.in/?sub=65&brch=182&sim=462&cnt=4',4),(605,'Finite Capacity Non-Markovian Models',55,'http://iitd.vlab.co.in/?sub=65&brch=182&sim=463&cnt=1640',4,'http://iitd.vlab.co.in/?sub=65&brch=182&sim=463&cnt=4',4),(606,'Non-Markovian Models for Bulk Arrival/Service',55,'http://iitd.vlab.co.in/?sub=65&brch=182&sim=465&cnt=1645',4,'http://iitd.vlab.co.in/?sub=65&brch=182&sim=465&cnt=4',4),(607,'Discrete time Experiments',55,'http://iitd.vlab.co.in/?sub=65&brch=182&sim=636&cnt=1596',4,'http://iitd.vlab.co.in/?sub=65&brch=182&sim=636&cnt=4',4),(608,'Simple Tandem Queue',55,'http://iitd.vlab.co.in/?sub=65&brch=182&sim=843&cnt=1',4,'http://iitd.vlab.co.in/?sub=65&brch=182&sim=843&cnt=4',4),(609,'Tandem Queue with Feedback',55,'http://iitd.vlab.co.in/?sub=65&brch=182&sim=844&cnt=1',4,'http://iitd.vlab.co.in/?sub=65&brch=182&sim=844&cnt=4',4),(610,'Open Queuing Network',55,'http://iitd.vlab.co.in/?sub=65&brch=182&sim=845&cnt=1',4,'http://iitd.vlab.co.in/?sub=65&brch=182&sim=845&cnt=4',4),(611,'Closed Queuing Network',55,'http://iitd.vlab.co.in/?sub=65&brch=182&sim=846&cnt=1',4,'http://iitd.vlab.co.in/?sub=65&brch=182&sim=846&cnt=4',4),(612,'Fluid Queues',55,'http://iitd.vlab.co.in/?sub=65&brch=182&sim=804&cnt=1',4,'http://iitd.vlab.co.in/?sub=65&brch=182&sim=804&cnt=4',4),(613,'Identification of High Frequency Modes of Beam in \"Free-Free\" Condition using Electro-mechanical Impedance(EMI) Technique',57,'http://ssdl.iitd.ac.in/vssdl/exp2.html',4,'http://ssdl.iitd.ac.in/vssdl/exp2.html',4),(614,'Forced Excitation of Steel Beam using Portable Shaker',57,'http://ssdl.iitd.ac.in/vssdl/exp3.html',4,'http://ssdl.iitd.ac.in/vssdl/exp3.html',4),(615,'Photogrammetry   for Displacement Measurement',57,'http://ssdl.iitd.ac.in/vssdl/exp4.html',4,'http://ssdl.iitd.ac.in/vssdl/exp4.html',4),(616,'Modes of Vibrations of Beams under flexure',57,'http://ssdl.iitd.ac.in/vssdl/exp5.html',4,'http://ssdl.iitd.ac.in/vssdl/exp5.html',4),(617,'Modes of Vibrations of Plate',57,'http://ssdl.iitd.ac.in/vssdl/exp6.html',4,'http://ssdl.iitd.ac.in/vssdl/exp6.html',4),(618,'Damage Detection and Qualitative Quantification Using Electro-Mechanical Impedance (EMI) Technique',57,'http://ssdl.iitd.ac.in/vssdl/exp7.html',4,'http://ssdl.iitd.ac.in/vssdl/exp7.html',4),(619,'Dynamics of Bandra Worli Sea Link Brigde',57,'http://ssdl.iitd.ac.in/vssdl/exp8.html',4,'http://ssdl.iitd.ac.in/vssdl/exp8.html',4),(620,'About Virtual FPGA Lab',60,'http://iitd.vlab.co.in/index.php?sub=66&brch=184&sim=1172&cnt=2278',4,NULL,4),(621,'Board Example 1: ADM XRC II info',60,'http://iitd.vlab.co.in/index.php?sub=66&brch=184&sim=1169&cnt=2271',4,'http://iitd.vlab.co.in/index.php?sub=66&brch=184&sim=1169&cnt=2267',4),(622,'Board Example 2: Memory Test',60,'http://iitd.vlab.co.in/index.php?sub=66&brch=184&sim=1170&cnt=2272',4,'http://iitd.vlab.co.in/index.php?sub=66&brch=184&sim=1170&cnt=2420',4),(623,'SIMPIO: SIMPIO & Combo logic design',60,'http://iitd.vlab.co.in/index.php?sub=66&brch=184&sim=1140&cnt=2270',4,'http://iitd.vlab.co.in/index.php?sub=66&brch=184&sim=1140&cnt=2748',4),(624,'FSM: FSM Design',60,'http://iitd.vlab.co.in/index.php?sub=66&brch=184&sim=1143&cnt=2275',4,'http://iitd.vlab.co.in/index.php?sub=66&brch=184&sim=1143&cnt=2736',4),(625,'MEMDTI: Memory data transfer & Interface',60,'http://iitd.vlab.co.in/index.php?sub=66&brch=184&sim=1144&cnt=2286',4,'http://iitd.vlab.co.in/index.php?sub=66&brch=184&sim=1144&cnt=2737',4),(626,'IMAGEPRO: Image Processing',60,'http://iitd.vlab.co.in/index.php?sub=66&brch=184&sim=1145&cnt=2276',4,'http://iitd.vlab.co.in/index.php?sub=66&brch=184&sim=1145&cnt=2738',4),(627,'BLOWFISHENC: Blowfish Encryption Algorithm',60,'http://iitd.vlab.co.in/index.php?sub=66&brch=184&sim=1147&cnt=2277',4,'http://iitd.vlab.co.in/index.php?sub=66&brch=184&sim=1147&cnt=2739',4),(628,'Full Wave Rectifier',56,'http://iitd.vlab.co.in/?sub=67&brch=185&sim=430&cnt=1',4,'http://iitd.vlab.co.in/?sub=67&brch=185&sim=430&cnt=1',4),(629,'Full Wave Rectifier With Source Inductance',56,'http://iitd.vlab.co.in/?sub=67&brch=185&sim=431&cnt=4',4,'http://iitd.vlab.co.in/?sub=67&brch=185&sim=430&cnt=4',4),(630,'3 Phase Rectifier With Source Inductance',56,'http://iitd.vlab.co.in/?sub=67&brch=185&sim=432&cnt=1',4,'http://iitd.vlab.co.in/?sub=67&brch=185&sim=432&cnt=4',4),(631,'Buck Converter',56,'http://iitd.vlab.co.in/?sub=67&brch=185&sim=433&cnt=1',4,'http://iitd.vlab.co.in/?sub=67&brch=185&sim=433&cnt=4',4),(632,'Boost Converter',56,'http://iitd.vlab.co.in/?sub=67&brch=185&sim=434&cnt=1',4,'http://iitd.vlab.co.in/?sub=67&brch=185&sim=434&cnt=4',4),(633,'Buck Boost Converter',56,'http://iitd.vlab.co.in/?sub=67&brch=185&sim=435&cnt=1',4,'http://iitd.vlab.co.in/?sub=67&brch=185&sim=435&cnt=4',4),(634,'Single Phase VSI With Square Wave PWM',56,'http://iitd.vlab.co.in/?sub=67&brch=185&sim=460&cnt=1',4,'http://iitd.vlab.co.in/?sub=67&brch=185&sim=460&cnt=4',4),(635,'Single Phase VSI with Single PWM',56,'http://iitd.vlab.co.in/?sub=67&brch=185&sim=468&cnt=1',4,'http://iitd.vlab.co.in/?sub=67&brch=185&sim=468&cnt=4',4),(636,'Single Phase VSI with Sine-Triangular PWM',56,'http://iitd.vlab.co.in/?sub=67&brch=185&sim=469&cnt=1',4,'http://iitd.vlab.co.in/?sub=67&brch=185&sim=469&cnt=4',4),(637,'DC motor starting and braking',56,'http://iitd.vlab.co.in/?sub=67&brch=185&sim=470&cnt=1',4,'http://iitd.vlab.co.in/?sub=67&brch=185&sim=470&cnt=4',4),(638,'DC Motor Speed Control',56,'http://iitd.vlab.co.in/?sub=67&brch=185&sim=473&cnt=1',4,'http://iitd.vlab.co.in/?sub=67&brch=185&sim=473&cnt=4',4),(639,'Induction Motor Starting and Braking',56,'http://iitd.vlab.co.in/?sub=67&brch=185&sim=1014&cnt=1',4,'http://iitd.vlab.co.in/?sub=67&brch=185&sim=1014&cnt=4',4),(640,'V/F Control Of VSI Fed Three-Phase Induction Motor',56,'http://iitd.vlab.co.in/?sub=67&brch=185&sim=1046&cnt=1',4,'http://iitd.vlab.co.in/?sub=67&brch=185&sim=1046&cnt=4',4),(641,'Rotor Resistance Control of Wound Rotor Induction Motor',56,'http://iitd.vlab.co.in/?sub=67&brch=185&sim=1047&cnt=1',4,'http://iitd.vlab.co.in/?sub=67&brch=185&sim=1047&cnt=4',4),(642,'Identification of High Frequency axial Modes',59,'http://iitd.vlab.co.in/?sub=65&brch=183&sim=927&cnt=1',4,'http://iitd.vlab.co.in/?sub=65&brch=183&sim=927&cnt=1710',4),(643,'Measurement of High VSWR on a line',172,'http://iitd.vlab.co.in/?sub=65&brch=180&sim=291&cnt=488',4,'http://iitd.vlab.co.in/?sub=65&brch=180&sim=291&cnt=491',4),(644,'Measurement of Low VSWR on a line',172,'http://iitd.vlab.co.in/?sub=65&brch=180&sim=292&cnt=1',4,'http://iitd.vlab.co.in/?sub=65&brch=180&sim=292&cnt=1522',4),(645,'Determination of unknown impedance',172,'http://iitd.vlab.co.in/?sub=65&brch=180&sim=293&cnt=1',4,'http://iitd.vlab.co.in/?sub=65&brch=180&sim=293&cnt=1449',4),(646,'Relationship between guide ?g and ?a',172,'http://iitd.vlab.co.in/?sub=65&brch=180&sim=294&cnt=1',4,'http://iitd.vlab.co.in/?sub=65&brch=180&sim=294&cnt=1478',4),(647,'Experiment of Microwave Cavity',172,'http://iitd.vlab.co.in/?sub=65&brch=180&sim=295&cnt=1',4,'http://iitd.vlab.co.in/?sub=65&brch=180&sim=295&cnt=1481',4),(648,'Microwave Coupler',172,'http://iitd.vlab.co.in/?sub=65&brch=180&sim=296&cnt=1',4,'http://iitd.vlab.co.in/?sub=65&brch=180&sim=296&cnt=1502',4),(649,'Matched Terminated Transmission Line',172,'http://iitd.vlab.co.in/?sub=65&brch=180&sim=298&cnt=1',4,'http://iitd.vlab.co.in/?sub=65&brch=180&sim=298&cnt=1506',4),(650,'Short Circuited Transmission Line',172,'http://iitd.vlab.co.in/?sub=65&brch=180&sim=299&cnt=1',4,'http://iitd.vlab.co.in/?sub=65&brch=180&sim=299&cnt=1510',4),(651,'Open Circuited Transmission Line',172,'http://iitd.vlab.co.in/?sub=65&brch=180&sim=300&cnt=1',4,'http://iitd.vlab.co.in/?sub=65&brch=180&sim=300&cnt=1515',4),(652,'Resonant Line',172,'http://iitd.vlab.co.in/?sub=65&brch=180&sim=301&cnt=1',4,'http://iitd.vlab.co.in/?sub=65&brch=180&sim=301&cnt=1495',4),(653,'Attenuated Travelling Wave',172,'http://iitd.vlab.co.in/?sub=65&brch=180&sim=302&cnt=1',4,'http://iitd.vlab.co.in/?sub=65&brch=180&sim=302&cnt=1490',4),(654,'Dispersed Travelling Wave',172,'http://iitd.vlab.co.in/?sub=65&brch=180&sim=303&cnt=1',4,'http://iitd.vlab.co.in/?sub=65&brch=180&sim=303&cnt=1486',4),(655,'Radiation Pattern of Horn Antenna',172,'http://iitd.vlab.co.in/?sub=65&brch=180&sim=304&cnt=1',4,'http://iitd.vlab.co.in/?sub=65&brch=180&sim=304&cnt=1457',4),(656,'E Plane Radiation Pattern of Horn Antenna',172,'http://iitd.vlab.co.in/?sub=65&brch=180&sim=305&cnt=1',4,'http://iitd.vlab.co.in/?sub=65&brch=180&sim=305&cnt=1466',4),(657,'H Plane Radiation Pattern of Horn Antenna',172,'http://iitd.vlab.co.in/?sub=65&brch=180&sim=306&cnt=1',4,'http://iitd.vlab.co.in/?sub=65&brch=180&sim=306&cnt=1517',4),(658,'Antenna Gain measurement',172,'http://iitd.vlab.co.in/?sub=65&brch=180&sim=307&cnt=1',4,'http://iitd.vlab.co.in/?sub=65&brch=180&sim=307&cnt=1518',4),(659,'Propagation Loss',172,'http://iitd.vlab.co.in/?sub=65&brch=180&sim=309&cnt=1',4,'http://iitd.vlab.co.in/?sub=65&brch=180&sim=309&cnt=1474',4),(660,'Bending Loss',172,'http://iitd.vlab.co.in/?sub=65&brch=180&sim=310&cnt=1',4,'http://iitd.vlab.co.in/?sub=65&brch=180&sim=310&cnt=1520',4),(661,'Number Systems',1,NULL,4,NULL,4),(662,'Expression Evaluation using Stacks',1,NULL,4,NULL,4),(663,'Sorting using Arrays',1,NULL,4,NULL,4),(664,'Ploynomials via Linked Lists',1,NULL,4,NULL,4),(665,'Expression Trees',1,NULL,4,NULL,4),(666,'Search Trees',1,NULL,4,NULL,4),(667,'Graph Traversals',1,NULL,4,NULL,4),(668,'Shortest Paths in Graphs',1,NULL,4,NULL,4),(669,'Minimum Spanning Trees',1,NULL,4,NULL,4),(670,'Expression Evaluation',2,NULL,4,NULL,4),(671,'Basic Control Flow',2,NULL,4,NULL,4),(672,'Advanced Control Flow',2,NULL,4,NULL,4),(673,'Arrays',2,NULL,4,NULL,4),(674,'Functions',2,NULL,4,NULL,4),(675,'Recursion',2,NULL,4,NULL,4),(676,'Structures',2,NULL,4,NULL,4),(677,'Strings',2,NULL,4,NULL,4),(678,'Pointers',2,NULL,4,NULL,4),(679,'Numerical Approximation',2,NULL,4,NULL,4),(680,'Numerical Representation',3,'http://ps-iiith.base1.vlabs.ac.in/exp1/Introduction.html?domain=Computer%20Science&lab=Problem%20Solving%20Lab',4,'http://ps-iiith.base1.vlabs.ac.in/exp1/Experiment.html?domain=Computer%20Science&lab=Problem%20Solving%20Lab',4),(681,'Beauty of Numbers',3,'http://ps-iiith.base1.vlabs.ac.in/exp2/Introduction.html?domain=Computer%20Science&lab=Problem%20Solving%20Lab',4,'http://ps-iiith.base1.vlabs.ac.in/exp2/Experiment.html?domain=Computer%20Science&lab=Problem%20Solving%20Lab',4),(682,'More on Numbers',3,'http://ps-iiith.base1.vlabs.ac.in/exp3/Introduction.html?domain=Computer%20Science&lab=Problem%20Solving%20Lab',4,'http://ps-iiith.base1.vlabs.ac.in/exp3/Experiment.html?domain=Computer%20Science&lab=Problem%20Solving%20Lab',4),(683,'Factorials',3,'http://ps-iiith.base1.vlabs.ac.in/exp4/Introduction.html?domain=Computer%20Science&lab=Problem%20Solving%20Lab',4,'http://ps-iiith.base1.vlabs.ac.in/exp4/Experiment.html?domain=Computer%20Science&lab=Problem%20Solving%20Lab',4),(684,'String Operations',3,'http://ps-iiith.base1.vlabs.ac.in/exp5/Introduction.html?domain=Computer%20Science&lab=Problem%20Solving%20Lab',4,'http://ps-iiith.base1.vlabs.ac.in/exp5/Experiment.html?domain=Computer%20Science&lab=Problem%20Solving%20Lab',4),(685,'Recursion',3,'http://ps-iiith.base1.vlabs.ac.in/exp6/Introduction.html?domain=Computer%20Science&lab=Problem%20Solving%20Lab',4,'http://ps-iiith.base1.vlabs.ac.in/exp6/Experiment.html?domain=Computer%20Science&lab=Problem%20Solving%20Lab',4),(686,'Advanced Arithmatic',3,'http://ps-iiith.base1.vlabs.ac.in/exp7/Introduction.html?domain=Computer%20Science&lab=Problem%20Solving%20Lab',4,'http://ps-iiith.base1.vlabs.ac.in/exp7/Experiment.html?domain=Computer%20Science&lab=Problem%20Solving%20Lab',4),(687,'Searching and Sorting',3,'http://ps-iiith.base1.vlabs.ac.in/exp8/Introduction.html?domain=Computer%20Science&lab=Problem%20Solving%20Lab',4,'http://ps-iiith.base1.vlabs.ac.in/exp8/Experiment.html?domain=Computer%20Science&lab=Problem%20Solving%20Lab',4),(688,'Permutation',3,NULL,4,NULL,4),(689,'Sequences',3,'http://ps-iiith.base1.vlabs.ac.in/exp10/Introduction.html?domain=Computer%20Science&lab=Problem%20Solving%20Lab',4,'http://ps-iiith.base1.vlabs.ac.in/exp10/Experiment.html?domain=Computer%20Science&lab=Problem%20Solving%20Lab',4),(690,'Design Inductive Data',4,NULL,4,NULL,4),(691,'Programming with Inductive Data',4,NULL,4,NULL,4),(692,'Higher-Order Functions',4,NULL,4,NULL,4),(693,'Arithmetic Interpreter',4,NULL,4,NULL,4),(694,'Environment',4,NULL,4,NULL,4),(695,'Block-Structured Language',4,NULL,4,NULL,4),(696,'Language with Closures',4,NULL,4,NULL,4),(697,'Language with Recursive Functions',4,NULL,4,NULL,4),(698,'Language with Objects',4,NULL,4,NULL,4),(699,'Apriori (An association rule mining algorithm)',5,'http://sage.virtual-labs.ac.in/home/pub/2/',4,'http://sage.virtual-labs.ac.in/home/pub/2/',4),(700,'Sampling (An association rule mining algorithm)',5,'http://sage.virtual-labs.ac.in/home/pub/3/',4,'http://sage.virtual-labs.ac.in/home/pub/3/',4),(701,'Partition (An association rule mining algorithm)',5,'http://sage.virtual-labs.ac.in/home/pub/4/',4,'http://sage.virtual-labs.ac.in/home/pub/4/',4),(702,'Comparison of Association Rule Mining Algorithms',5,'http://sage.virtual-labs.ac.in/home/pub/5/',4,'http://sage.virtual-labs.ac.in/home/pub/5/',4),(703,'k-Means (A partitioning clustering algorithm)',5,'http://sage.virtual-labs.ac.in/home/pub/6/',4,'http://sage.virtual-labs.ac.in/home/pub/6/',4),(704,'Agglomerative Clustering (A hierachial clustering algorithm)',5,'http://sage.virtual-labs.ac.in/home/pub/7/',4,'http://sage.virtual-labs.ac.in/home/pub/7/',4),(705,'DBSCAN (A density-based clustering algorithm)',5,'http://sage.virtual-labs.ac.in/home/pub/8/',4,'http://sage.virtual-labs.ac.in/home/pub/8/',4),(706,'kNN (A nearest neighbour based classification algorithm)',5,'http://sage.virtual-labs.ac.in/home/pub/9/',4,'http://sage.virtual-labs.ac.in/home/pub/9/',4),(707,'Decision Tree (Classification algorithm)',5,'http://sage.virtual-labs.ac.in/home/pub/10/',4,'http://sage.virtual-labs.ac.in/home/pub/10/',4),(708,'Comparison of Classification algorithms',5,'http://sage.virtual-labs.ac.in/home/pub/11/',4,'http://sage.virtual-labs.ac.in/home/pub/11/',4),(709,'ER Model',6,'http://sage.virtual-labs.ac.in/home/pub/13/',4,'http://sage.virtual-labs.ac.in/home/pub/13/',4),(710,'Enhanced ER Model',6,'http://sage.virtual-labs.ac.in/home/pub/14/',4,'http://sage.virtual-labs.ac.in/home/pub/14/',4),(711,'Relational Model',6,'http://sage.virtual-labs.ac.in/home/pub/15/',4,'http://sage.virtual-labs.ac.in/home/pub/15/',4),(712,'1st Normal Form',6,'http://sage.virtual-labs.ac.in/home/pub/16/',4,'http://sage.virtual-labs.ac.in/home/pub/16/',4),(713,'2nd Normal Form',6,'http://sage.virtual-labs.ac.in/home/pub/17/',4,'http://sage.virtual-labs.ac.in/home/pub/17/',4),(714,'3rd Normal Form',6,'http://sage.virtual-labs.ac.in/home/pub/18/',4,'http://sage.virtual-labs.ac.in/home/pub/18/',4),(715,'Boyce Codd Normal Form',6,'http://sage.virtual-labs.ac.in/home/pub/19/',4,'http://sage.virtual-labs.ac.in/home/pub/19/',4),(716,'SQL 1',6,'http://sage.virtual-labs.ac.in/home/pub/20/',4,'http://sage.virtual-labs.ac.in/home/pub/20/',4),(717,'SQL 2',6,'http://sage.virtual-labs.ac.in/home/pub/21/',4,'http://sage.virtual-labs.ac.in/home/pub/21/',4),(718,'SQL 3',6,'http://sage.virtual-labs.ac.in/home/pub/22/',4,'http://sage.virtual-labs.ac.in/home/pub/22/',4),(719,'File Management',7,NULL,4,NULL,4),(720,'Text Editor',7,NULL,4,NULL,4),(721,'File Content',7,NULL,4,NULL,4),(722,'File Permissions',7,NULL,4,NULL,4),(723,'Archival and Compression',7,NULL,4,NULL,4),(724,'Obtaining System Information',7,NULL,4,NULL,4),(725,'Pipes and Redirection',7,NULL,4,NULL,4),(726,'Searching',7,NULL,4,NULL,4),(727,'Basic Networking',7,NULL,4,NULL,4),(728,'Representation of Integers and their Arithmetic',8,NULL,4,NULL,4),(729,'Representation of Floating Point Numbers and their Arithmetic',8,NULL,4,NULL,4),(730,'Cache Organizations',8,NULL,4,NULL,4),(731,'Locality Analysis of Programs using Cachegrind Tool',8,NULL,4,NULL,4),(732,'Tiling Matrix Multiplication Performance Analysis',8,NULL,4,NULL,4),(733,'Virtual Memory',8,NULL,4,NULL,4),(734,'MIPS Assembly Language Programming - 1',8,NULL,4,NULL,4),(735,'MIPS Assembly Language Programming - 2',8,NULL,4,NULL,4),(736,'ARM Assembly Language Programming - 1',8,NULL,4,NULL,4),(737,'ARM Assembly Language Programming - 2',8,NULL,4,NULL,4),(738,'Single Cycle MIPS CPU',8,NULL,4,NULL,4),(739,'Full Custom Design',9,NULL,4,NULL,4),(740,'Semi Custom Design',9,NULL,4,NULL,4),(741,'Power Reduction Using Gated Clocking',9,NULL,4,NULL,4),(742,'Ripple Carry Adder',9,NULL,4,NULL,4),(743,'Carry Look Ahead Adder',9,NULL,4,NULL,4),(744,'5-3 Compressor',9,NULL,4,NULL,4),(745,'Array Multiplier',9,NULL,4,NULL,4),(746,'(8,4) Hamming Coder',9,NULL,4,NULL,4),(747,'Linear Feedback Shift Register (LFSR)',9,NULL,4,NULL,4),(748,'Schematic design of transistor level inverter',10,NULL,4,NULL,4),(749,'Schematic design of transistor level NAND and NOR gate',10,NULL,4,NULL,4),(750,'Schematic design of transistor level XOR and XNOR gate',10,NULL,4,NULL,4),(751,'Schematic design of Pass Transistor Logic and Multiplexer',10,NULL,4,NULL,4),(752,'Daily estimation in chain of inverters',10,NULL,4,NULL,4),(753,'Schematic design of D-Latch and D-Flip Flop',10,NULL,4,NULL,4),(754,'Spice code platform',10,NULL,4,NULL,4),(755,'Design of D-Flip Flop using Verilog',10,NULL,4,NULL,4),(756,'Design of digital circuits using Verilog',10,NULL,4,NULL,4),(757,'Layout Design',10,NULL,4,NULL,4),(758,'Adder Circuit',11,NULL,4,NULL,4),(759,'Multiplexer',11,NULL,4,NULL,4),(760,'Decoder with 7-segment display',11,NULL,4,NULL,4),(761,'ALU with function',11,NULL,4,NULL,4),(762,'Comparator',11,NULL,4,NULL,4),(763,'Latch and Flip Flops',11,NULL,4,NULL,4),(764,'Registers',11,NULL,4,NULL,4),(765,'Counters',11,NULL,4,NULL,4),(766,'Multipliers',11,NULL,4,NULL,4),(767,'State Diagrams',11,NULL,4,NULL,4),(768,'Manual speech signal-to-symbol transformation',12,NULL,4,NULL,4),(769,'Speech production mechanism',12,NULL,4,NULL,4),(770,'Nature of speech signal',12,NULL,4,NULL,4),(771,'Basics of DSP',12,NULL,4,NULL,4),(772,'Short-time spectrum analysis of speech',12,NULL,4,NULL,4),(773,'Spectrographic analysis of speech',12,NULL,4,NULL,4),(774,'Cepstral analysis of speech',12,NULL,4,NULL,4),(775,'Linear prediction analysis of speech',12,NULL,4,NULL,4),(776,'Formant synthesis',12,NULL,4,NULL,4),(777,'Analysis-by-synthesis of speech',12,NULL,4,NULL,4),(778,'Sensor Modelling',13,NULL,4,NULL,4),(779,'Velocity Modelling',13,NULL,4,NULL,4),(780,'Mapping',13,NULL,4,NULL,4),(781,'Localization',13,NULL,4,NULL,4),(782,'Grid Based Navigation',13,NULL,4,NULL,4),(783,'Forward Kinematics',13,NULL,4,NULL,4),(784,'Scan Matching',13,NULL,4,NULL,4),(785,'RRT based pattern planning',13,NULL,4,NULL,4),(786,'Exploration',13,NULL,4,NULL,4),(787,'Monte Carlo localization',13,NULL,4,NULL,4),(788,'Points and Coordinates',14,NULL,4,NULL,4),(789,'Transformation: Translation',14,NULL,4,NULL,4),(790,'Transformations: Rotations',14,NULL,4,NULL,4),(791,'Transformations: Scaling',14,NULL,4,NULL,4),(792,'Hierarchichal Transformations: 2D demo',14,NULL,4,NULL,4),(793,'Hierarchichal Transformations: 3D Articulated Arm',14,NULL,4,NULL,4),(794,'Projections and Cameras',14,NULL,4,NULL,4),(795,'Clipping: Line',14,NULL,4,NULL,4),(796,'Clipping: Polygon',14,NULL,4,NULL,4),(797,'Rasterization: Line',14,NULL,4,NULL,4),(798,'Rasterization: Polygon',14,NULL,4,NULL,4),(799,'Image Arithmetic',15,NULL,4,NULL,4),(800,'Affine Tranformations',15,NULL,4,NULL,4),(801,'Point Operations',15,NULL,4,NULL,4),(802,'Neighbourhood Operations',15,NULL,4,NULL,4),(803,'Image Histogram',15,NULL,4,NULL,4),(804,'Fourier Transform',15,NULL,4,NULL,4),(805,'Color Image Processing',15,NULL,4,NULL,4),(806,'Morphological Operations',15,NULL,4,NULL,4),(807,'Image Segmentation',15,NULL,4,NULL,4),(808,'Image Processing Test Bench',15,NULL,4,NULL,4),(809,'Feature Representation',16,NULL,4,NULL,4),(810,'Mean and Covariance',16,NULL,4,NULL,4),(811,'Linear Perceptron Learning',16,NULL,4,NULL,4),(812,'Generation of Random Variables',16,NULL,4,NULL,4),(813,'Bayesian Classification',16,NULL,4,NULL,4),(814,'MLE: Learning the classifier from data',16,NULL,4,NULL,4),(815,'From 2-class to multiclass',16,NULL,4,NULL,4),(816,'Data Clustering: K-means,MST-based',16,NULL,4,NULL,4),(817,'Parallel and distributed processing - I: Interactive activation and competition models',17,NULL,4,NULL,4),(818,'Parallel and distributed processing - II: Constraint satisfaction neural network models',17,NULL,4,NULL,4),(819,'Perceptron learning',17,NULL,4,NULL,4),(820,'Multilayer feedforward neural networks',17,NULL,4,NULL,4),(821,'Hopfield model for pattern storage task',17,NULL,4,NULL,4),(822,'Hopfield model with stochastic update',17,NULL,4,NULL,4),(823,'Competitive learning neural networks for pattern clustering',17,NULL,4,NULL,4),(824,'Solution to travelling salesman problem using self organizing maps',17,NULL,4,NULL,4),(825,'Solution to optimization problems using Hopfield models',17,NULL,4,NULL,4),(826,'Weighted matching problem: Deterministic, stochastic and mean-field annealing of an Hopfield model',17,NULL,4,NULL,4),(827,'Word Analysis',18,NULL,4,NULL,4),(828,'Word Generation',18,NULL,4,NULL,4),(829,'Morphology',18,NULL,4,NULL,4),(830,'N-Grams',18,NULL,4,NULL,4),(831,'N-Grams Smoothing',18,NULL,4,NULL,4),(832,'POS Tagging: Hidden Markov Model',18,NULL,4,NULL,4),(833,'POS Tagging: Viterbi Decoding',18,NULL,4,NULL,4),(834,'Building POS Tagger',18,NULL,4,NULL,4),(835,'Chunking',18,NULL,4,NULL,4),(836,'Building Chunker',18,NULL,4,NULL,4),(837,'Breaking the Shift Cipher',19,NULL,4,NULL,4),(838,'Breaking the Mono-alphabetic Substitution Cipher',19,NULL,4,NULL,4),(839,'One-Time Pad and Perfect Secrecy',19,NULL,4,NULL,4),(840,'Message Authentication Codes',19,NULL,4,NULL,4),(841,'Cryptographic Hash Functions and Applications',19,NULL,4,NULL,4),(842,'Symmetric Key Encryption Standards (DES)',19,NULL,4,NULL,4),(843,'Symmetric Key Encryption Standards (AES)',19,NULL,4,NULL,4),(844,'Diffie-Hellman Key Establishment',19,NULL,4,NULL,4),(845,'Public-Key Cryptosystems (PKCSv1.5)',19,NULL,4,NULL,4),(846,'Digital Signatures',19,NULL,4,NULL,4),(847,'Transfer Characteristics (Vin v/s Vout)',20,NULL,4,NULL,4),(848,'Frequency Response (Vin v/s Frequency)',20,NULL,4,NULL,4),(849,'Transfer Characteristics (Vin v/s Vout)',20,NULL,4,NULL,4),(850,'Frequency Response (Vin v/s Frequency)',20,NULL,4,NULL,4),(851,'Transfer Characteristics (Vin v/s Vout)',20,NULL,4,NULL,4),(852,'Frequency Response (Vin v/s Frequency)',20,NULL,4,NULL,4),(853,'Transfer Characteristics (Vin v/s Vout)',20,NULL,4,NULL,4),(854,'Frequency Response (Vin v/s Frequency)',20,NULL,4,NULL,4),(855,'Transfer Characteristics (Vin v/s Vout)',20,NULL,4,NULL,4),(856,'Frequency Response (Vin v/s Frequency)',20,NULL,4,NULL,4),(857,'Transfer Characteristics (Vin v/s Vout)',20,NULL,4,NULL,4),(858,'Frequency Response (Vin v/s Frequency)',20,NULL,4,NULL,4),(859,'Design and characterization of basic current mirror',20,NULL,4,NULL,4),(860,'Design and characterization of cascode current mirror',20,NULL,4,NULL,4),(861,'Transfer Characteristics (Vin v/s Vout)',20,NULL,4,NULL,4),(862,'Frequency Response (Vin v/s Frequency)',20,NULL,4,NULL,4),(863,'Coulomb\'s Law',21,NULL,4,NULL,4),(864,'Electrostatic Fields I',21,NULL,4,NULL,4),(865,'Electrostatic Fields II',21,NULL,4,NULL,4),(866,'Boundary Conditions',21,NULL,4,NULL,4),(867,'Electric Field in Material Space',21,NULL,4,NULL,4),(868,'Magnetostatic Fields',21,NULL,4,NULL,4),(869,'Application of Faraday\'s Laws',21,NULL,4,NULL,4),(870,'Wave Propagation',21,NULL,4,NULL,4),(871,'Distance and Altitude Measurement',21,NULL,4,NULL,4),(872,'Plane Waves - Reflection and Refraction',21,NULL,4,NULL,4),(873,'Tensile Test Experiment',22,NULL,4,NULL,4),(874,'Compression Test Experiment',22,NULL,4,NULL,4),(875,'Shear Test Experiment',22,NULL,4,NULL,4),(876,'Torsion Test Experiment',22,NULL,4,NULL,4),(877,'Impact Test Experiment',22,NULL,4,NULL,4),(878,'Creep Test Experiment',22,NULL,4,NULL,4),(879,'Fatigue Test Experiment',22,NULL,4,NULL,4),(880,'Compression Test on Spring Experiment',22,NULL,4,NULL,4),(881,'Principal Stresses Experiment',22,NULL,4,NULL,4),(882,'Rockwell Hardness Experiment',22,NULL,4,NULL,4),(883,'Water Content Experiment',23,NULL,4,NULL,4),(884,'Unit Weight Experiment',23,NULL,4,NULL,4),(885,'Specific Gravity Experiment',23,NULL,4,NULL,4),(886,'Grain Size Distribution Experiment',23,NULL,4,NULL,4),(887,'Attenberg Limits Experiment',23,NULL,4,NULL,4),(888,'Permeability Experiment',23,NULL,4,NULL,4),(889,'Compaction Test Experiment',23,NULL,4,NULL,4),(890,'Consolidation Test Experiment',23,NULL,4,NULL,4),(891,'Direct Shear Test Experiment',23,NULL,4,NULL,4),(892,'Triaxial Test Experiment',23,NULL,4,NULL,4),(893,'Bernoulli\'s Experiment',24,NULL,4,NULL,4),(894,'Venturi Meter Experiment',24,NULL,4,NULL,4),(895,'Orifices Experiment',24,NULL,4,NULL,4),(896,'Mouthpieces Experiment',24,NULL,4,NULL,4),(897,'Weirs Experiment',24,NULL,4,NULL,4),(898,'Channels Experiment',24,NULL,4,NULL,4),(899,'Reynold\'s Experiment',24,NULL,4,NULL,4),(900,'Vortices\'s Experiment',24,NULL,4,NULL,4),(901,'Jets Experiment',24,NULL,4,NULL,4),(902,'Turbines Experiment',24,NULL,4,NULL,4),(903,'Single Span Beams Experiment',25,NULL,4,NULL,4),(904,'Continuous Beams Experiment',25,NULL,4,NULL,4),(905,'Column Analysis Experiment',25,NULL,4,NULL,4),(906,'Portal Frames Experiment',25,NULL,4,NULL,4),(907,'Plates Experiment',25,NULL,4,NULL,4),(908,'Rijid Joints Experiment',25,NULL,4,NULL,4),(909,'Arches Experiment',25,NULL,4,NULL,4),(910,'Trusses Experiment',25,NULL,4,NULL,4),(911,'Retaining Walls Experiment',25,NULL,4,NULL,4),(912,'Plastic Hinge Experiment',25,NULL,4,NULL,4),(913,'Introduction to the fluorescence spectroscopy principle',26,NULL,4,NULL,4),(914,'Familiarization with the fluorescence instrumentation',26,NULL,4,NULL,4),(915,'Familiarization with excitation and emission spectra, Mirror Image relation and Stokes Shift',26,NULL,4,NULL,4),(916,'Demonstration of solvent effects on fluorescence spectra',26,NULL,4,NULL,4),(917,'Demonstration of pH effects on fluorescence spectra',26,NULL,4,NULL,4),(918,'Effects of concentration (optical density) of a fluorophore on emission spectra',26,NULL,4,NULL,4),(919,'Relationship between the concentration of a fluorophore \nand its fluorescence intensity: Determination of unknown concentration \nof an analyte in solution',26,NULL,4,NULL,4),(920,'Determination of fluorescence quantum yield of a fluorophore',26,NULL,4,NULL,4),(921,'Fluorescence Quenching and Stern-Volmer plot: Estimation of the quenching constant from Stern-Volmer plot',26,NULL,4,NULL,4),(922,'Effects of excimer and exciplex formations on fluorescence emission spectra',26,NULL,4,NULL,4),(923,'Preparation of Sols',27,NULL,4,NULL,4),(924,'Preparation of Gels',27,NULL,4,NULL,4),(925,'Preparation of Association Colloid - Micelles and Cleansing Actions of Soaps and Detergents',27,NULL,4,NULL,4),(926,'Determination of Critical Micelle Concentration(CMC)',27,NULL,4,NULL,4),(927,'Surface Tension and its Modification',27,NULL,4,NULL,4),(928,'Demonstration of Tyndall Effect',27,NULL,4,NULL,4),(929,'Kinetic Study of Colloidal Gold Particle Formation and Gold Particle Catalyzed Reduction of Eosin by Sodium Borohydride',27,NULL,4,NULL,4),(930,'Gel Electrophoresis',27,NULL,4,NULL,4),(931,'Demonstration of Surface Effects on Chemical Properties of Finely Divided Particles',27,NULL,4,NULL,4),(932,'Design Method of Dynamic Light Scattering for Particle Size Measurements',27,NULL,4,NULL,4),(933,'Familiarization with the UV-Visible Absorption Spectroscopy:',28,NULL,4,NULL,4),(934,'Principles of UV-visible absorption spectroscopy: Electronic excitation/transition and light absorption',28,NULL,4,NULL,4),(935,'The working principles of a UV-visible spectrophotometer: Instrumentation',28,NULL,4,NULL,4),(936,'Absorption (and transmittance) measurements of a colourless and a coloured light absorbing substance in',28,NULL,4,NULL,4),(937,'Solvent effects on absorption spectra',28,NULL,4,NULL,4),(938,'Effects of sample path length',28,NULL,4,NULL,4),(939,'Effects of sample concentration',28,NULL,4,NULL,4),(940,'Determination of molar absorptivity',28,NULL,4,NULL,4),(941,'Verification of Beer-Lambert Law',28,NULL,4,NULL,4),(942,'Determination of unknown concentration of a light absorbing analyte',28,NULL,4,NULL,4),(943,'Simultaneous estimation method for multicomponent samples: Principle of additivity of absorbance',28,NULL,4,NULL,4),(944,'pH effects on absorption spectra: pKa determination by spectrophotometric method',28,NULL,4,NULL,4),(945,'Study of kinetics of a reaction by using spectrophotometric method',28,NULL,4,NULL,4),(946,'UV-Visible Spectroscopy of Conjugated Molecules',29,NULL,4,NULL,4),(947,'Vib-rotational Spectroscopy of Hydrogen Chloride',29,NULL,4,NULL,4),(948,'Geometry Optimization using ab initio quantum calcuations',29,NULL,4,NULL,4),(949,'Calculation of Vibrational Frequency of Molecules and Visualization of Normal Modes',29,NULL,4,NULL,4),(950,'Huckel Molecular Orbital Theory',29,NULL,4,NULL,4),(951,'Conformational Analysis of 1,2-dichloroethane',29,NULL,4,NULL,4),(952,'Transition State Calculation for a SN2 reaction',29,NULL,4,NULL,4),(953,'Eigen systems: Geometrical Intepretation',29,NULL,4,NULL,4),(954,'Geometry Optimization of Molecules',29,NULL,4,NULL,4),(955,'To determine the specific rotation of a sugar using a polarimeter.',30,NULL,4,NULL,4),(956,'To understand the effect of chiral substances on plane polarized light as a function of wavelength.',30,NULL,4,NULL,4),(957,'To study the Optical Rotatory Dispersion (ORD) of some chiral substances.',30,NULL,4,NULL,4),(958,'To study the Circular Dichroism of some substances with chiral chromophores.',30,NULL,4,NULL,4),(959,'To Study the operational details of a CD spectrometer.',30,NULL,4,NULL,4),(960,'To Study the effect of Secondary Structure elements on CD spectrum of proteins.',30,NULL,4,NULL,4),(961,'To deconvolute the CD spectrum of a given protein solution and to classify it in terms of its secondary structure elements.',30,NULL,4,NULL,4),(962,'To study the thermal stability of proteins.',30,NULL,4,NULL,4),(963,'To study the effect of chemical denaturants on protein stability.',30,NULL,4,NULL,4),(964,'To study the comparison between protein unfolding and protein aggregation in the presence of chemical denaturing agents.',30,NULL,4,NULL,4),(965,'Instrumentation and working principles of infra red (IR) spectroscopy using salt plates.',31,NULL,4,NULL,4),(966,'Instrumentation and working principles of solutions infra red (IR) spectroscopy',31,NULL,4,NULL,4),(967,'Instrumentation and working principles principles of mass spectroscopy',31,NULL,4,NULL,4),(968,'Determination of molar mass of simple compounds using mass spectroscopy',31,NULL,4,NULL,4),(969,'Nuclear magnetic resosnace spectrocopy and evaulation of simple 1H NMR spectra of select organic compounds',31,NULL,4,NULL,4),(970,'Identification of unknown components using spectroscopic techniques.',31,NULL,4,NULL,4),(971,'Principles of electron paramagnetic resonance spectroscopy',31,NULL,4,NULL,4),(972,'Electron paramagnetic resonance spectral studies of select organic free radicals',31,NULL,4,NULL,4),(973,'Internuclear forces in a diatomic molecule: Optical and magnetic tweezer experiments',32,NULL,4,NULL,4),(974,'Molecular forces in a triatomic molecule: A magnetic tweezer experiment',32,NULL,4,NULL,4),(975,'Dihedral forces in a quad-atomic molecule: A magnetic tweezer experiment',32,NULL,4,NULL,4),(976,'Interatomic van der Waals forces',32,NULL,4,NULL,4),(977,'Van der Waals Forces between Molecules',32,NULL,4,NULL,4),(978,'Interatomic electrostatic forces',32,NULL,4,NULL,4),(979,'Electrostatic forces between molecules',32,NULL,4,NULL,4),(980,'Many-body forces in a polyatomic molecule',32,NULL,4,NULL,4),(981,'Solvent viscous forces on a polyatomic molecule',32,NULL,4,NULL,4),(982,'Molecular seperation using interatomic forces: Column chromatography',32,NULL,4,NULL,4),(983,'Radiation forces on a dielectric particle',32,NULL,4,NULL,4),(984,'Measurement of Dipole Moment',33,NULL,4,NULL,4),(985,'Millikan\'s Experiment',33,NULL,4,NULL,4),(986,'Photoelectric Effect',33,NULL,4,'http://java.com/en/download/linux_manual.jsp',4),(987,'Inversion of Cane Sugar',33,NULL,4,NULL,4),(988,'Heat of Neutralization',33,NULL,4,NULL,4),(989,'Acid-Base Indicators',33,NULL,4,NULL,4),(990,'Geiger Muller Counter',33,NULL,4,NULL,4),(991,'Young\'s Modulus',33,NULL,4,NULL,4),(992,'Surface Tension',33,NULL,4,NULL,4),(993,'Forming Sentences-1',173,NULL,4,NULL,4),(994,'Forming Sentences-2',173,NULL,4,NULL,4),(995,'Tokens and Types',173,NULL,4,NULL,4),(996,'Heap\'s Law',173,NULL,4,NULL,4),(997,'Dictionary Generation',173,NULL,4,NULL,4),(998,'Coarse-grained POS Tagging',173,NULL,4,NULL,4),(999,'Fine-grained POS Tagging',173,NULL,4,NULL,4),(1000,'Chunking',173,NULL,4,NULL,4),(1001,'Context Free Grammar',173,NULL,4,NULL,4),(1002,'Simple Harmonic Oscillator',174,NULL,4,NULL,4),(1003,'Free Vibration of S.D.O.F System',174,NULL,4,NULL,4),(1004,'Forced Vibration of S.D.O.F System',174,NULL,4,NULL,4),(1005,'Impulse Response of S.D.O.F System',174,NULL,4,NULL,4),(1006,'Concept of Response Spectrum',174,NULL,4,NULL,4),(1007,'Vibration of M.D.O.F System',174,NULL,4,NULL,4),(1008,'Behaviour of Rigid Blocks',174,NULL,4,NULL,4),(1009,'Torsional Response of Building',174,NULL,4,NULL,4),(1010,'Continuous Systems',174,NULL,4,NULL,4),(1011,'Vibration Control',174,NULL,4,NULL,4),(1012,'EM Spectrum',175,NULL,4,NULL,4),(1013,'Black Body Radiation',175,NULL,4,NULL,4),(1014,'Reflectance of Natural objects in the Electromagnetic spectrum',175,NULL,4,NULL,4),(1015,'Capturing Area-wide reflectance effect of spatial resolution',175,NULL,4,NULL,4),(1016,'Data quantization levels and object extraction effects of Radiometric characteristics of the sensor',175,NULL,4,NULL,4),(1017,'Visual Analysis - Band Combination',175,NULL,4,NULL,4),(1018,'Band Algebra - Index based Analysis',175,NULL,4,NULL,4),(1019,'Free Swell Index Experiment',82,NULL,4,NULL,4),(1020,'California Bearing Ratio Test (CBR Test)',82,NULL,4,NULL,4),(1021,'pH Test',82,NULL,4,NULL,4),(1022,'Determination of Total Soluble Solids',82,NULL,4,NULL,4),(1023,'Core Cutter Experiment',82,NULL,4,NULL,4),(1024,'Vane Shear Test',82,NULL,4,NULL,4),(1025,'Total Sulphate Test',82,NULL,4,NULL,4),(1026,'Standard Penetration Test',82,NULL,4,NULL,4),(1027,'Plate Load Test',82,NULL,4,NULL,4),(1028,'Study of various parts of Auto Level and Carry out Fly Leveling using Auto Level',183,'http://www.vlabcivil-iitr.co.in/exp.php',4,NULL,4),(1029,'Carry out Profile Leveling using Auto Level',183,'http://www.vlabcivil-iitr.co.in/profile.php',4,NULL,4),(1030,'Observations of Vertical and Horizontal angles using Total Station',183,'http://www.vlabcivil-iitr.co.in/total_station.php',4,NULL,4),(1031,'Study of Plane Table and its Accessories',183,'http://www.vlabcivil-iitr.co.in/planetable.php',4,NULL,4),(1032,'Detail Plotting by Radiation Method',183,'http://www.vlabcivil-iitr.co.in/radiation.php',4,NULL,4),(1033,'Detail Plotting by Intersection Method',183,'http://www.vlabcivil-iitr.co.in/intersection.php',4,NULL,4),(1034,'Detail Plotting by Resection Method',183,'http://www.vlabcivil-iitr.co.in/resection.php',4,NULL,4),(1035,'Carry out Contouring in the field',183,'http://www.vlabcivil-iitr.co.in/contouring.php',4,NULL,4),(1036,'Study of Global Positioning System (GPS) and its Accessories',183,'http://www.vlabcivil-iitr.co.in/gps_acc.php',4,NULL,4),(1037,'Observations using GPS',183,'http://www.vlabcivil-iitr.co.in/gps.php',4,NULL,4),(1038,'Traversing using Total Station',183,'http://www.vlabcivil-iitr.co.in/traversing.php',4,NULL,4),(1039,'EEG Alpha RMS Derivation',197,'http://103.37.201.113/vlab/view.php?expid=exp1369312045&cnid=0',4,'http://103.37.201.113/vlab/view.php?expid=exp1369312045&cnid=3',4),(1040,'EEG Entropy Calculation',197,'http://103.37.201.113/vlab/view.php?expid=exp1369311990&cnid=0',4,'http://103.37.201.113/vlab/view.php?expid=exp1369311990&cnid=3',4),(1041,'ECG Feature Extraction And Analysis',197,'http://103.37.201.113/vlab/view.php?expid=exp1367664540&cnid=0',4,'http://103.37.201.113/vlab/view.php?expid=exp1367664540&cnid=3',4),(1042,'EEG Frequency Components',197,'http://103.37.201.113/vlab/view.php?expid=exp1367664766&cnid=0',4,'http://103.37.201.113/vlab/view.php?expid=exp1367664766&cnid=3',4),(1043,'To Study ECG Signal Acquisition Under Incorrect Electrode Placement',197,'http://103.37.201.113/vlab/view.php?expid=exp1357926117&cnid=0',4,'http://103.37.201.113/vlab/view.php?expid=exp1357926117&cnid=0',4),(1044,'Electromyography (EMG) Toolbox',197,'http://103.37.201.113/vlab/view.php?expid=1369331668&cnid=0',4,'http://103.37.201.113/vlab/view.php?expid=1369331668&cnid=0',4),(1045,'To Study HRV Analysis In Time and Frequency Domain',197,'http://103.37.201.113/vlab/view.php?expid=exp1316607313&cnid=0',4,'http://103.37.201.113/vlab/view.php?expid=exp1316607313&cnid=0',4),(1046,'EEG Power Spectral Density',197,'http://103.37.201.113/vlab/view.php?expid=exp1367664845&cnid=0',4,'http://103.37.201.113/vlab/view.php?expid=exp1367664845&cnid=3',4),(1047,'Bio-Medical Signal Processing Toolkit',184,'http://bmsip-iitr.base1.vlabs.ac.in/exp2/Theory.html?domain=Biotechnology&lab=Bio-Medical%20Signal%20and%20Image%20Processing%20Lab',4,'http://bmsip-iitr.base1.vlabs.ac.in/exp2/Experiment.html?domain=Biotechnology&lab=Bio-Medical%20Signal%20and%20Image%20Processing%20Lab',4),(1048,'Digital Signal Processing Toolkit',184,'http://bmsip-iitr.base1.vlabs.ac.in/exp1/Theory.html?domain=Biotechnology&lab=Bio-Medical%20Signal%20and%20Image%20Processing%20Lab',4,'http://bmsip-iitr.base1.vlabs.ac.in/exp1/Experiment.html?domain=Biotechnology&lab=Bio-Medical%20Signal%20and%20Image%20Processing',4),(1049,'Image Processing Toolkit',184,'http://bmsip-iitr.base1.vlabs.ac.in/exp3/Theory.html?domain=Biotechnology&lab=Bio-Medical%20Signal%20and%20Image%20Processing%20Lab',4,'http://bmsip-iitr.base1.vlabs.ac.in/exp3/Experiment.html?domain=Biotechnology&lab=Bio-Medical%20Signal%20and%20Image%20Processing%20Lab',4),(1050,'Speed Control of DC motor by varying armature and field resistance.',185,'http://103.37.201.114/view.php?expid=exp1316684808&cnid=0',4,'http://103.37.201.114/view.php?expid=exp1316684808&cnid=3',4),(1051,'To perform speed control of DC motor by using Ward- Leonard Method of speed control',185,'http://103.37.201.114/view.php?expid=exp1303305217&cnid=0',4,'http://103.37.201.114/view.php?expid=exp1303305217&cnid=3',4),(1052,'To study the Load Characteristics of DC shunt generator.',185,'http://103.37.201.114/view.php?expid=exp1307549355&cnid=0',4,'http://103.37.201.114/view.php?expid=exp1307549355&cnid=3',4),(1053,'To study Magnetisation Characteristics of DC shunt generator.',185,'http://103.37.201.114/view.php?expid=exp1307549354&cnid=0',4,'http://103.37.201.114/view.php?expid=exp1307549354&cnid=3',4),(1054,'To determine the efficiency of a dc motor by loss summation method(Swinburne\'s test)',185,'http://103.37.201.114/view.php?expid=exp1295636227&cnid=0',4,'http://103.37.201.114/view.php?expid=exp1295636227&cnid=3',4),(1055,'Speed control of slipring Induction Motor',185,'http://103.37.201.114/view.php?expid=exp1308265593&cnid=0',4,'http://103.37.201.114/view.php?expid=exp1308265593&cnid=3',4),(1056,'Determination of Transformer equivalent circuit from Open Circuit and Short Circuit Test',185,'http://103.37.201.114/view.php?expid=exp1307549365&cnid=0',4,'http://103.37.201.114/view.php?expid=exp1307549365&cnid=3',4),(1057,'Speed control of Single-Phase Induction motor with variable frequency Voltage Source Inverter.(v/f induction motor)',185,'http://103.37.201.114/view.php?expid=exp1307549356&cnid=0',4,'http://103.37.201.114/view.php?expid=exp1307549356&cnid=3',4),(1058,'Plant Modeling',191,'http://iitb.vlab.co.in/index.php?sub=8&brch=117&sim=1064&cnt=1990',4,'http://iitb.vlab.co.in/index.php?sub=8&brch=117&sim=1064&cnt=4',4),(1059,'Transient Response',191,'http://iitb.vlab.co.in/index.php?sub=8&brch=117&sim=1067&cnt=1998',4,'http://iitb.vlab.co.in/index.php?sub=8&brch=117&sim=1067&cnt=4',4),(1060,'On-Off control',191,'http://iitb.vlab.co.in/index.php?sub=8&brch=117&sim=1068&cnt=2002',4,'http://iitb.vlab.co.in/index.php?sub=8&brch=117&sim=1068&cnt=4',4),(1061,'P Control',191,'http://iitb.vlab.co.in/index.php?sub=8&brch=117&sim=1069&cnt=2005',4,'http://iitb.vlab.co.in/index.php?sub=8&brch=117&sim=1069&cnt=4',4),(1062,'Frequency response',191,'http://iitb.vlab.co.in/index.php?sub=8&brch=117&sim=1070&cnt=2008',4,'http://iitb.vlab.co.in/index.php?sub=8&brch=117&sim=1070&cnt=4',4),(1063,'PD Control for desired pole placement',191,'http://iitb.vlab.co.in/index.php?sub=8&brch=117&sim=1071&cnt=2011',4,'http://iitb.vlab.co.in/index.php?sub=8&brch=117&sim=1071&cnt=4',4),(1064,'PD Control for desired transient response',191,'http://iitb.vlab.co.in/index.php?sub=8&brch=117&sim=1072&cnt=2022',4,'http://iitb.vlab.co.in/index.php?sub=8&brch=117&sim=1072&cnt=4',4),(1065,'PID control for desired transient response',191,'http://iitb.vlab.co.in/index.php?sub=8&brch=117&sim=1073&cnt=2024',4,'http://iitb.vlab.co.in/index.php?sub=8&brch=117&sim=1073&cnt=4',4),(1066,'PID Control for desired transient response - Unstable Plant',191,'http://iitb.vlab.co.in/index.php?sub=8&brch=117&sim=1074&cnt=2027',4,'http://iitb.vlab.co.in/index.php?sub=8&brch=117&sim=1074&cnt=4',4),(1067,'PID Control for desired transient response - Unstable Plant',191,'http://iitb.vlab.co.in/index.php?sub=8&brch=117&sim=1075&cnt=2039',4,'http://iitb.vlab.co.in/index.php?sub=8&brch=117&sim=1075&cnt=4',4),(1068,'Flow measurement by orificemeter and venturimeter',67,'http://iitb.vlab.co.in/?sub=8&brch=116&sim=952&cnt=1797',4,NULL,4),(1069,'Gas Liquid Absorption',67,'http://iitb.vlab.co.in/?sub=8&brch=116&sim=951&cnt=1798',4,NULL,4),(1070,'Two Phase Flow in Horizontal Tubes',67,'http://iitb.vlab.co.in/?sub=8&brch=116&sim=893&cnt=1796',4,NULL,4),(1071,'Hydrodynamics of packed column',67,'http://iitb.vlab.co.in/?sub=8&brch=116&sim=950&cnt=2359',4,NULL,4),(1072,'Nature of flow',67,'http://iitb.vlab.co.in/?sub=8&brch=116&sim=887&cnt=1658',4,NULL,4),(1073,'Adiabatic calorimetry',67,'http://iitb.vlab.co.in/?sub=8&brch=116&sim=888&cnt=2337',4,NULL,4),(1074,'Flow through fittings',67,'http://iitb.vlab.co.in/?sub=8&brch=116&sim=890&cnt=1665',4,NULL,4),(1075,'Heat transfer in a double pipe heat exchanger',67,'http://iitb.vlab.co.in/?sub=8&brch=116&sim=892&cnt=1',4,NULL,4),(1076,'Vapour Liquid Equilibrium',67,'http://iitb.vlab.co.in/?sub=8&brch=116&sim=889&cnt=1664',4,NULL,4),(1077,'Ebulliometric Determination of Vapour Pressure',67,'http://iitb.vlab.co.in/?sub=8&brch=116&sim=891&cnt=1',4,NULL,4),(1080,'Gel-based proteomics to analyze human serum proteome',111,'http://iitb.vlab.co.in/?sub=41&brch=118&sim=375&cnt=1',4,'http://iitb.vlab.co.in/?sub=41&brch=118&sim=375&cnt=4',4),(1081,'Gel-based proteomics to analyze bacterial proteome',111,'http://iitb.vlab.co.in/?sub=41&brch=118&sim=383&cnt=1',4,'http://iitb.vlab.co.in/?sub=41&brch=118&sim=383&cnt=4',4),(1082,'Gel-based proteomics to analyze plant proteome',111,'http://iitb.vlab.co.in/?sub=41&brch=118&sim=412&cnt=1',4,'http://iitb.vlab.co.in/?sub=41&brch=118&sim=412&cnt=4',4),(1083,'In-gel digestion of proteins for MS analysis',111,'http://iitb.vlab.co.in/?sub=41&brch=118&sim=413&cnt=1360',4,'http://iitb.vlab.co.in/?sub=41&brch=118&sim=413&cnt=4',4),(1084,'Sample preparation for the MALDI-TOF MS analysis',111,'http://iitb.vlab.co.in/?sub=41&brch=118&sim=414&cnt=1',4,'http://iitb.vlab.co.in/?sub=41&brch=118&sim=414&cnt=4',4),(1085,'MALDI-TOF instrumentation and analysis of serum proteins',111,'http://iitb.vlab.co.in/?sub=41&brch=118&sim=416&cnt=1',4,'http://iitb.vlab.co.in/?sub=41&brch=118&sim=416&cnt=4',4),(1086,'MS data analysis - Peptide Mass Fingerprinting (PMF)',111,'http://iitb.vlab.co.in/?sub=41&brch=118&sim=630&cnt=1',4,'http://iitb.vlab.co.in/?sub=41&brch=118&sim=630&cnt=4',4),(1087,'Molecular Weight Determination of Intact Protein Using MALDI TOF',111,'http://iitb.vlab.co.in/?sub=41&brch=118&sim=655&cnt=1',4,'http://iitb.vlab.co.in/?sub=41&brch=118&sim=655&cnt=4',4),(1088,'Sequence Alignment',111,'http://iitb.vlab.co.in/?sub=41&brch=118&sim=656&cnt=1',4,'http://iitb.vlab.co.in/?sub=41&brch=118&sim=656&cnt=4',4),(1089,'Homology Modelling',111,'http://iitb.vlab.co.in/?sub=41&brch=118&sim=657&cnt=1',4,'http://iitb.vlab.co.in/?sub=41&brch=118&sim=657&cnt=4',4),(1090,'Protein Function Annotation',111,'http://iitb.vlab.co.in/?sub=41&brch=118&sim=662&cnt=1',4,'http://iitb.vlab.co.in/?sub=41&brch=118&sim=662&cnt=4',4),(1091,'Molecular Docking',111,'http://iitb.vlab.co.in/?sub=41&brch=118&sim=698&cnt=1',4,'http://iitb.vlab.co.in/?sub=41&brch=118&sim=698&cnt=4',4),(1092,'Saturation Flow',68,NULL,4,NULL,4),(1093,'Delay Modeling',68,NULL,4,NULL,4),(1094,'Fundamental Traffic Diagram Relations',68,'http://iitb.vlab.co.in/?sub=42&brch=132&sim=971&cnt=1',4,NULL,4),(1095,'Traffic Volume Count',68,'http://iitb.vlab.co.in/?sub=42&brch=132&sim=464&cnt=1',4,NULL,4),(1096,'Speed Measurement',68,NULL,4,NULL,4),(1097,'Density Measurement',68,NULL,4,NULL,4),(1098,'Parking Analysis',68,'http://iitb.vlab.co.in/?sub=42&brch=132&sim=466&cnt=1',4,NULL,4),(1099,'General Motors Car Following Model',68,'http://iitb.vlab.co.in/?sub=42&brch=132&sim=807&cnt=1',4,NULL,4),(1100,'Driver Reaction Time Test',68,NULL,4,NULL,4),(1101,'Viewing images in different bands',69,'http://civil11.virtual-labs.ac.in/siplabs/',4,'http://civil11.virtual-labs.ac.in/siplabs/e1.jsp',4),(1102,'Contrast Enhancement',69,'http://civil11.virtual-labs.ac.in/siplabs/',4,'http://civil11.virtual-labs.ac.in/siplabs/e2.jsp',4),(1103,'Smoothing',69,'http://civil11.virtual-labs.ac.in/siplabs/',4,'http://civil11.virtual-labs.ac.in/siplabs/e3.jsp',4),(1104,'Principal Component Analysis',69,'http://civil11.virtual-labs.ac.in/siplabs/',4,'http://civil11.virtual-labs.ac.in/siplabs/e4.jsp',4),(1105,'Edge Detection',69,'http://civil11.virtual-labs.ac.in/siplabs/',4,'http://civil11.virtual-labs.ac.in/siplabs/e5.jsp',4),(1106,'Frequency Domain Filtering (Fourier Transform)',69,'http://civil11.virtual-labs.ac.in/siplabs/',4,'http://civil11.virtual-labs.ac.in/siplabs/e6.jsp',4),(1107,'Mathematical Morphology',69,'http://civil11.virtual-labs.ac.in/siplabs/',4,'http://civil11.virtual-labs.ac.in/siplabs/e7.jsp',4),(1108,'Indices',69,'http://civil11.virtual-labs.ac.in/siplabs/',4,'http://civil11.virtual-labs.ac.in/siplabs/e8.jsp',4),(1109,'K-Means Clustering',69,'http://civil11.virtual-labs.ac.in/siplabs/',4,'http://civil11.virtual-labs.ac.in/siplabs/e9.jsp',4),(1110,'Color Transform',69,'http://civil11.virtual-labs.ac.in/siplabs/',4,'http://civil11.virtual-labs.ac.in/siplabs/e10.jsp',4),(1111,'Maximum Likelihood Classification',69,'http://civil11.virtual-labs.ac.in/siplabs/',4,'http://civil11.virtual-labs.ac.in/siplabs/e11.jsp',4),(1112,'Neural Network Based Classification',69,'http://civil11.virtual-labs.ac.in/siplabs/',4,'http://civil11.virtual-labs.ac.in/siplabs/e12.jsp',4),(1113,'Accuracy Assessment',69,'http://civil11.virtual-labs.ac.in/siplabs/',4,'http://civil11.virtual-labs.ac.in/siplabs/e13.jsp',4),(1114,'Texture Analysis',69,'http://civil11.virtual-labs.ac.in/siplabs/',4,'http://civil11.virtual-labs.ac.in/siplabs/e14.jsp',4),(1115,'Minimum Distance Classification',69,'http://civil11.virtual-labs.ac.in/siplabs/',4,'http://civil11.virtual-labs.ac.in/siplabs/e15.jsp',4),(1116,'Parallelopiped Classification',69,'http://civil11.virtual-labs.ac.in/siplabs/',4,'http://civil11.virtual-labs.ac.in/siplabs/e16.jsp',4),(1117,'Class Separability',69,'http://civil11.virtual-labs.ac.in/siplabs/',4,'http://civil11.virtual-labs.ac.in/siplabs/e17.jsp',4),(1118,'Volume, Speed and Delay Study at Intersection',70,NULL,4,NULL,4),(1119,'Regression Analysis',70,NULL,4,NULL,4),(1120,'Category Analysis',70,NULL,4,NULL,4),(1121,'Growth Factor Distribution Model',70,NULL,4,NULL,4),(1122,'Singly constrained Gravity Model',70,NULL,4,NULL,4),(1123,'Doubly constrained Gravity Model',70,NULL,4,NULL,4),(1124,'Calibration of Singly Constrained Gravity Model',70,NULL,4,NULL,4),(1125,'Calibration of Doubly Constrained Gravity Model',70,NULL,4,NULL,4),(1126,'Mode Split',70,NULL,4,NULL,4),(1127,'All or Nothing (AON) Assignment',70,NULL,4,NULL,4),(1128,'User Equilibrium Assignment',70,NULL,4,NULL,4),(1129,'System Optimal Assignment',70,NULL,4,NULL,4),(1130,'To obtain Torque Slip characteristics of three phase induction motor',84,'http://iitg.vlab.co.in/?sub=61&brch=293&sim=1535&cnt=3220',4,'http://iitg.vlab.co.in/?pg=topMenu&id=5',4),(1131,'To perform No Load test of three phase induction motor',84,'http://iitg.vlab.co.in/?sub=61&brch=293&sim=1536&cnt=1',4,'http://iitg.vlab.co.in/?pg=topMenu&id=5',4),(1132,'To perform Blocked Rotor test of three phase induction motor',84,'http://iitg.vlab.co.in/?sub=61&brch=293&sim=1537&cnt=1',4,'http://iitg.vlab.co.in/?pg=topMenu&id=5',4),(1133,'BPSK Modulation and Demodulation(Real time experiment)',54,'http://iitg.vlab.co.in/?sub=59&brch=163&sim=262&cnt=970',4,'http://iitg.vlab.co.in/?sub=59&brch=163&sim=262&cnt=1027',4),(1134,'Amplitude Modulation and Demodulation (Real time experiment)',54,'http://iitg.vlab.co.in/?sub=59&brch=163&sim=259&cnt=358',4,'http://iitg.vlab.co.in/?sub=59&brch=163&sim=259&cnt=361',4),(1135,'QPSK Modulation (Real time experiment)',54,'http://iitg.vlab.co.in/?sub=59&brch=163&sim=1065&cnt=2404',4,'http://iitg.vlab.co.in/?sub=59&brch=163&sim=1065&cnt=1997',4),(1136,'BPSK Modulation and Demodulation(Simulation experiment)',54,'http://iitg.vlab.co.in/?sub=59&brch=163&sim=263&cnt=2407',4,'http://iitg.vlab.co.in/?sub=59&brch=163&sim=263&cnt=2410',4),(1137,'Frequency Modulation(Simulation experiment)',54,'http://iitg.vlab.co.in/?sub=59&brch=163&sim=261&cnt=474',4,'http://iitg.vlab.co.in/?sub=59&brch=163&sim=261&cnt=475',4),(1138,'Simple Inverted Pendulum System',54,'http://iitg.vlab.co.in/?sub=59&brch=163&sim=612&cnt=1086',4,'http://iitg.vlab.co.in/?sub=59&brch=163&sim=612&cnt=4',4),(1139,'Amplitude Modulation (Simulation experiment)',54,'http://iitg.vlab.co.in/?sub=59&brch=163&sim=260&cnt=2644',4,'http://iitg.vlab.co.in/?sub=59&brch=163&sim=260&cnt=2646',4),(1140,'Realization of different modulation schemes using I/Q modulators',54,'http://iitg.vlab.co.in/?sub=59&brch=163&sim=611&cnt=1084',4,'http://iitg.vlab.co.in/?sub=59&brch=163&sim=611&cnt=4',4),(1141,'Control of Inverted Pendulum System (Real Time)',54,'http://iitg.vlab.co.in/?sub=59&brch=163&sim=555&cnt=1024',4,'http://iitg.vlab.co.in/?sub=59&brch=163&sim=555&cnt=1069',4),(1142,'Vertical take Off and landing (currently offline: Experiment will be available on request)',54,'http://iitg.vlab.co.in/?sub=59&brch=163&sim=264&cnt=1041',4,'http://iitg.vlab.co.in/?sub=59&brch=163&sim=264&cnt=1044',4),(1143,'Free Vibration of Spring-Mass System',103,'http://iitg.vlab.co.in/?sub=62&brch=175&sim=1077&cnt=2313',4,'http://iitg.vlab.co.in/?sub=62&brch=175&sim=1077&cnt=2050',4),(1144,'Free Vibration of a Cantilever Beam with a Lumped Mass at Free End',103,'http://iitg.vlab.co.in/?sub=62&brch=175&sim=1078&cnt=2367',4,'http://iitg.vlab.co.in/?sub=62&brch=175&sim=1078&cnt=2055',4),(1145,'Forced Vibration Of a Cantilever Beam with a Lumped Mass at Free End',103,'http://iitg.vlab.co.in/?sub=62&brch=175&sim=1079&cnt=2368',4,'http://iitg.vlab.co.in/?sub=62&brch=175&sim=1079&cnt=2061',4),(1146,'Free Vibration of a Cantilever Beam (Continuous System)',103,'http://iitg.vlab.co.in/?sub=62&brch=175&sim=1080&cnt=2369',4,'http://iitg.vlab.co.in/?sub=62&brch=175&sim=1080&cnt=2066',4),(1147,'Forced Vibration of a Cantilever Beam (Continuous System)',103,'http://iitg.vlab.co.in/?sub=62&brch=175&sim=1081&cnt=2370',4,'http://iitg.vlab.co.in/?sub=62&brch=175&sim=1081&cnt=2071',4),(1148,'Free Vibration of a Two-DOF System',103,'http://iitg.vlab.co.in/?sub=62&brch=175&sim=1082&cnt=2371',4,'http://iitg.vlab.co.in/?sub=62&brch=175&sim=1082&cnt=2077',4),(1149,'Free Vibration of a Viscously Damped Single DOF System',103,'http://iitg.vlab.co.in/?sub=62&brch=175&sim=1083&cnt=2594',4,'http://iitg.vlab.co.in/?sub=62&brch=175&sim=1083&cnt=4',4),(1150,'Harmonicaly Excited Forced Vibration of a Single DOF System',103,'http://iitg.vlab.co.in/?sub=62&brch=175&sim=1084&cnt=2595',4,'http://iitg.vlab.co.in/?sub=62&brch=175&sim=1084&cnt=4',4),(1151,'Harmonincally Excited Rotating Unbalance of a Single DOF System',103,'http://iitg.vlab.co.in/?sub=62&brch=175&sim=1085&cnt=2596',4,'http://iitg.vlab.co.in/?sub=62&brch=175&sim=1085&cnt=4',4),(1152,'Harmonically Excited Support  Motion of a Single DOF System',103,'http://iitg.vlab.co.in/?sub=62&brch=175&sim=1086&cnt=2597',4,'http://iitg.vlab.co.in/?sub=62&brch=175&sim=1086&cnt=4',4),(1153,'Separating and Throttling Calorimeter',44,'http://iitg.vlab.co.in/?sub=58&brch=160&sim=1603&cnt=1',4,'http://iitg.vlab.co.in/?sub=58&brch=160&sim=1603&cnt=4',4),(1154,'ASTM Distillation',44,'http://iitg.vlab.co.in/?sub=58&brch=160&sim=1366&cnt=1',4,'http://iitg.vlab.co.in/?sub=58&brch=160&sim=1603&cnt=4',4),(1155,'Flow through porous media  - II',44,'http://iitg.vlab.co.in/?sub=58&brch=160&sim=1324&cnt=1',4,'http://iitg.vlab.co.in/?sub=58&brch=160&sim=1324&cnt=4',4),(1156,'Column tray effeciency',44,'http://iitg.vlab.co.in/?sub=58&brch=160&sim=752&cnt=1',4,'http://iitg.vlab.co.in/?sub=58&brch=160&sim=752&cnt=4',4),(1157,'Flow through porous media -I',44,'http://iitg.vlab.co.in/?sub=58&brch=160&sim=382&cnt=428',4,'http://iitg.vlab.co.in/?sub=58&brch=160&sim=382&cnt=4',4),(1158,'Rotary Dryer',44,'http://iitg.vlab.co.in/?sub=58&brch=160&sim=381&cnt=667',4,'http://iitg.vlab.co.in/?sub=58&brch=160&sim=381&cnt=4',4),(1159,'Forced draft tray dryer',44,'http://iitg.vlab.co.in/?sub=58&brch=160&sim=380&cnt=662',4,'http://iitg.vlab.co.in/?sub=58&brch=160&sim=380&cnt=4',4),(1160,'Vapor in air diffusion',44,'http://iitg.vlab.co.in/?sub=58&brch=160&sim=379&cnt=1',4,'http://iitg.vlab.co.in/?sub=58&brch=160&sim=379&cnt=4',4),(1161,'Mass transfer with or without chemical reaction',44,'http://iitg.vlab.co.in/?sub=58&brch=160&sim=378&cnt=1',4,'http://iitg.vlab.co.in/?sub=58&brch=160&sim=378&cnt=635',4),(1162,'Binary vapor liquid equilibrium',44,'http://iitg.vlab.co.in/?sub=58&brch=160&sim=377&cnt=1',4,'http://iitg.vlab.co.in/?sub=58&brch=160&sim=377&cnt=460',4),(1163,'Design of binary distillation column',44,'http://iitg.vlab.co.in/?sub=58&brch=160&sim=777&cnt=1',4,'http://iitg.vlab.co.in/?sub=58&brch=160&sim=777&cnt=4',4),(1164,'Water cooling tower',44,'http://iitg.vlab.co.in/?sub=58&brch=160&sim=763&cnt=1',4,'http://iitg.vlab.co.in/?sub=58&brch=160&sim=763&cnt=1307',4),(1165,'Non-Stationary Nature of Speech Signal',45,'http://iitg.vlab.co.in/?sub=59&brch=164&sim=371&cnt=1103',4,'http://iitg.vlab.co.in/?sub=59&brch=164&sim=371&cnt=2021',4),(1166,'Sampling Frequency and Bit Resolution for Speech Signal Processing',45,'http://iitg.vlab.co.in/?sub=59&brch=164&sim=474&cnt=1105',4,'http://iitg.vlab.co.in/?sub=59&brch=164&sim=474&cnt=2028',4),(1167,'Identification of Voice/Unvoiced/Silence regions of Speech',45,'http://iitg.vlab.co.in/?sub=59&brch=164&sim=613&cnt=1106',4,'http://iitg.vlab.co.in/?sub=59&brch=164&sim=613&cnt=2029',4),(1168,'Different Sounds In Language',45,'http://iitg.vlab.co.in/?sub=59&brch=164&sim=614&cnt=1114',4,'http://iitg.vlab.co.in/?sub=59&brch=164&sim=614&cnt=1114',4),(1169,'Short Term Time Domain Processing of Speech',45,'http://iitg.vlab.co.in/?sub=59&brch=164&sim=857&cnt=1650',4,'http://iitg.vlab.co.in/?sub=59&brch=164&sim=857&cnt=2033',4),(1170,'Short-Term Frequency Domain Processing of Speech',45,'http://iitg.vlab.co.in/?sub=59&brch=164&sim=908&cnt=1676',4,'http://iitg.vlab.co.in/?sub=59&brch=164&sim=908&cnt=2034',4),(1171,'Cepstral Analysis of Speech',45,'http://iitg.vlab.co.in/?sub=59&brch=164&sim=615&cnt=1107',4,'http://iitg.vlab.co.in/?sub=59&brch=164&sim=615&cnt=2031',4),(1172,'Linear Prediction Analysis',45,'http://iitg.vlab.co.in/?sub=59&brch=164&sim=616&cnt=1088',4,'http://iitg.vlab.co.in/?sub=59&brch=164&sim=616&cnt=2032',4),(1173,'Estimation Of Pitch From Speech Signals',45,'http://iitg.vlab.co.in/?sub=59&brch=164&sim=1012&cnt=1848',4,'http://iitg.vlab.co.in/?sub=59&brch=164&sim=1012&cnt=2035',4),(1174,'Estimation Of Formants From Speech Signals',45,'http://iitg.vlab.co.in/?sub=59&brch=164&sim=1398&cnt=2931',4,'http://iitg.vlab.co.in/?sub=59&brch=164&sim=1398&cnt=4',4),(1175,'Voice Activity Detection In Speech',45,'http://iitg.vlab.co.in/?sub=59&brch=164&sim=1399&cnt=2950',4,'http://iitg.vlab.co.in/?sub=59&brch=164&sim=1399&cnt=4',4),(1176,'MOSFET',46,'http://iitg.vlab.co.in/?sub=59&brch=165&sim=270&cnt=1',4,'http://iitg.vlab.co.in/?sub=59&brch=165&sim=270&cnt=4',4),(1177,'CMOS Inverter',46,'http://iitg.vlab.co.in/?sub=59&brch=165&sim=901&cnt=1',4,'http://iitg.vlab.co.in/?sub=59&brch=165&sim=901&cnt=4',4),(1178,'Ring Oscillator',46,'http://iitg.vlab.co.in/?sub=59&brch=165&sim=902&cnt=1',4,'http://iitg.vlab.co.in/?sub=59&brch=165&sim=902&cnt=4',4),(1179,'Logic Gates',46,'http://iitg.vlab.co.in/?sub=59&brch=165&sim=903&cnt=1',4,'http://iitg.vlab.co.in/?sub=59&brch=165&sim=903&cnt=4',4),(1180,'4x1 Multiplexer',46,'http://iitg.vlab.co.in/?sub=59&brch=165&sim=904&cnt=1',4,'http://iitg.vlab.co.in/?sub=59&brch=165&sim=904&cnt=4',4),(1181,'Latches',46,'http://iitg.vlab.co.in/?sub=59&brch=165&sim=906&cnt=1',4,'http://iitg.vlab.co.in/?sub=59&brch=165&sim=906&cnt=4',4),(1182,'Registers',46,'http://iitg.vlab.co.in/?sub=59&brch=165&sim=907&cnt=1',4,'http://iitg.vlab.co.in/?sub=59&brch=165&sim=907&cnt=4',4),(1183,'Signals and their properties',47,'http://iitg.vlab.co.in/?sub=59&brch=166&sim=618&cnt=1582',4,'http://iitg.vlab.co.in/?sub=59&brch=166&sim=618&cnt=4',4),(1184,'System and their property',47,'http://iitg.vlab.co.in/?sub=59&brch=166&sim=623&cnt=1096',4,'http://iitg.vlab.co.in/?sub=59&brch=166&sim=623&cnt=4',4),(1185,'Fourier analysis of signals',47,'http://iitg.vlab.co.in/?sub=59&brch=166&sim=799&cnt=1407',4,'http://iitg.vlab.co.in/?sub=59&brch=166&sim=799&cnt=4',4),(1186,'Sampling and signal reconstruction',47,'http://iitg.vlab.co.in/?sub=59&brch=166&sim=820&cnt=1597',4,'http://iitg.vlab.co.in/?sub=59&brch=166&sim=820&cnt=4',4),(1187,'Analysis of LTI system response',47,'http://iitg.vlab.co.in/?sub=59&brch=166&sim=877&cnt=1610',4,'http://iitg.vlab.co.in/?sub=59&brch=166&sim=877&cnt=4',4),(1188,'Magnetic Field Behaviour in single coil',48,'http://iitg.vlab.co.in/index.php?sub=61&brch=168&sim=1050&cnt=1918',4,'http://iitg.vlab.co.in/index.php?sub=61&brch=168&sim=1050&cnt=1926',4),(1189,'Rotating Magnetic Field Behaviour in two coils',48,'http://iitg.vlab.co.in/index.php?sub=61&brch=168&sim=1051&cnt=1922',4,'http://iitg.vlab.co.in/index.php?sub=61&brch=168&sim=1051&cnt=1924',4),(1190,'Rotating Magnetic Field Behaviour in three coils',48,'http://iitg.vlab.co.in/index.php?sub=61&brch=168&sim=1054&cnt=1931',4,'http://iitg.vlab.co.in/index.php?sub=61&brch=168&sim=1054&cnt=1932',4),(1191,'The DC Test for Stator Resistance',48,'http://iitg.vlab.co.in/index.php?sub=61&brch=168&sim=912&cnt=1681',4,'http://iitg.vlab.co.in/index.php?sub=61&brch=168&sim=912&cnt=1684',4),(1192,'No-Load Test',48,'http://iitg.vlab.co.in/index.php?sub=61&brch=168&sim=913&cnt=1696',4,'http://iitg.vlab.co.in/index.php?sub=61&brch=168&sim=913&cnt=1698',4),(1193,'Blocked-Rotor Test',48,'http://iitg.vlab.co.in/index.php?sub=61&brch=168&sim=916&cnt=1712',4,'http://iitg.vlab.co.in/index.php?sub=61&brch=168&sim=916&cnt=1725',4),(1194,'Stator Resistance Starter',48,'http://iitg.vlab.co.in/index.php?sub=61&brch=168&sim=938&cnt=1740',4,'http://iitg.vlab.co.in/index.php?sub=61&brch=168&sim=938&cnt=1741',4),(1195,'Auto Transformer Starting',48,'http://iitg.vlab.co.in/index.php?sub=61&brch=168&sim=941&cnt=1734',4,'http://iitg.vlab.co.in/index.php?sub=61&brch=168&sim=941&cnt=1735',4),(1196,'Star-Delta  Starting',48,'http://iitg.vlab.co.in/index.php?sub=61&brch=168&sim=939&cnt=1737',4,'http://iitg.vlab.co.in/index.php?sub=61&brch=168&sim=939&cnt=1739',4),(1197,'The Missionaries Archive',48,'http://iitg.vlab.co.in/?sub=72&brch=169&sim=1031&cnt=1869',4,'http://iitg.vlab.co.in/?pg=topMenu&id=5',4),(1198,'Ethnographic Reports',48,'http://iitg.vlab.co.in/?sub=72&brch=169&sim=1029&cnt=1875',4,'http://iitg.vlab.co.in/?pg=topMenu&id=5',4),(1199,'The Folklore and Literature Archive',48,'http://iitg.vlab.co.in/?sub=72&brch=169&sim=1033&cnt=1874',4,'http://iitg.vlab.co.in/?pg=topMenu&id=5',4),(1200,'Miscellaneous Books Archive',48,'http://iitg.vlab.co.in/?sub=72&brch=169&sim=1034&cnt=1876',4,'http://iitg.vlab.co.in/?pg=topMenu&id=5',4),(1201,'Northeast Expert Zone',48,'http://iitg.vlab.co.in/?sub=72&brch=169&sim=830&cnt=1863',4,'http://iitg.vlab.co.in/?pg=topMenu&id=5',4),(1202,'The Advertisements Archive',48,'http://iitg.vlab.co.in/?sub=72&brch=169&sim=825&cnt=1',4,'http://iitg.vlab.co.in/?pg=topMenu&id=5',4),(1203,'The Northeast Illustrated Bibliography',48,'http://iitg.vlab.co.in/?sub=72&brch=169&sim=810&cnt=1',4,'http://iitg.vlab.co.in/?pg=topMenu&id=5',4),(1204,'The Rare Periodicals Archive',48,'http://iitg.vlab.co.in/?sub=72&brch=169&sim=832&cnt=1',4,'http://iitg.vlab.co.in/?pg=topMenu&id=5',4),(1205,'Lab Staff and Contributors (not an experiment)',48,'http://iitg.vlab.co.in/?sub=72&brch=169&sim=1052&cnt=1929',4,'http://iitg.vlab.co.in/?pg=topMenu&id=5',4),(1206,'Serial Position  Effect',50,'http://iitg.vlab.co.in/?sub=72&brch=170&sim=744&cnt=1',4,'http://iitg.vlab.co.in/?sub=72&brch=170&sim=744&cnt=4',4),(1207,'Weber\'s Law',50,'http://iitg.vlab.co.in/?sub=72&brch=170&sim=750&cnt=1',4,'http://iitg.vlab.co.in/?sub=72&brch=170&sim=750&cnt=4',4),(1208,'Sensitivity, Errors And Task Complexity Measurements For Pointing Devices',50,'http://iitg.vlab.co.in/?sub=72&brch=170&sim=751&cnt=1',4,'http://iitg.vlab.co.in/?sub=72&brch=170&sim=751&cnt=4',4),(1209,'Fitts Law',50,'http://iitg.vlab.co.in/?sub=72&brch=170&sim=762&cnt=1',4,'http://iitg.vlab.co.in/?sub=72&brch=170&sim=762&cnt=4',4),(1210,'Mobile Keypad Design',50,'http://iitg.vlab.co.in/?sub=72&brch=170&sim=764&cnt=1',4,'http://iitg.vlab.co.in/?sub=72&brch=170&sim=764&cnt=4',4),(1211,'Hick Hyman\'s Law',50,'http://iitg.vlab.co.in/?sub=72&brch=170&sim=769&cnt=1',4,'http://iitg.vlab.co.in/?sub=72&brch=170&sim=769&cnt=4',4),(1212,'GOMS Model',50,'http://iitg.vlab.co.in/?sub=72&brch=170&sim=770&cnt=1',4,'http://iitg.vlab.co.in/?sub=72&brch=170&sim=770&cnt=4',4),(1213,'Consistency and Inconsistency In Interaction',50,'http://iitg.vlab.co.in/?sub=72&brch=170&sim=862&cnt=1',4,'http://iitg.vlab.co.in/?sub=72&brch=170&sim=862&cnt=4',4),(1214,'The Visual Coding Of Information In Short Term Memory (STM)',50,'http://iitg.vlab.co.in/?sub=72&brch=170&sim=863&cnt=1',4,'http://iitg.vlab.co.in/?sub=72&brch=170&sim=863&cnt=4',4),(1215,'Color Theory',50,'http://iitg.vlab.co.in/?sub=72&brch=170&sim=1300&cnt=2815',4,'http://iitg.vlab.co.in/?sub=72&brch=170&sim=1300&cnt=4',4),(1216,'Card Sorting Technique',50,'http://iitg.vlab.co.in/?sub=72&brch=170&sim=1303&cnt=1',4,'http://iitg.vlab.co.in/?sub=72&brch=170&sim=1303&cnt=4',4),(1217,'Usability Measurement Tool  for  E-Learning ( UMTEL )',50,'http://iitg.vlab.co.in/?sub=72&brch=170&sim=1313&cnt=1',4,'http://iitg.vlab.co.in/?sub=72&brch=170&sim=1313&cnt=2731',4),(1218,'Prototyping of TV Remote Control Panel',50,'http://iitg.vlab.co.in/?sub=72&brch=170&sim=1357&cnt=1',4,'http://iitg.vlab.co.in/?sub=72&brch=170&sim=1357&cnt=4',4),(1219,'Prototyping of Control Panel of Domestic Appliances',50,'http://iitg.vlab.co.in/?sub=72&brch=170&sim=1381&cnt=1',4,'http://iitg.vlab.co.in/?sub=72&brch=170&sim=1381&cnt=4',4),(1220,'Icons in Graphical User Interfaces(GUI)',50,'http://iitg.vlab.co.in/?sub=72&brch=170&sim=1359&cnt=1',4,'http://iitg.vlab.co.in/?sub=72&brch=170&sim=1359&cnt=2847',4),(1221,'Effect of Typography design on Readability',50,'http://iitg.vlab.co.in/?sub=72&brch=170&sim=1569&cnt=1',4,'http://iitg.vlab.co.in/?sub=72&brch=170&sim=1569&cnt=4',4),(1222,'Static anthropometry, standing heights',199,'http://iitg.vlab.co.in/?sub=72&brch=171&sim=829&cnt=1532',4,'http://iitg.vlab.co.in/?sub=72&brch=171&sim=829&cnt=1529',4),(1223,'Arm forward reaches, standing erect and forward bend',199,'http://iitg.vlab.co.in/?sub=72&brch=171&sim=834&cnt=1534',4,'http://iitg.vlab.co.in/?sub=72&brch=171&sim=834&cnt=1535',4),(1224,'Sitting Antropometry, static heights',199,'http://iitg.vlab.co.in/?sub=72&brch=171&sim=835&cnt=1541',4,'http://iitg.vlab.co.in/?sub=72&brch=171&sim=835&cnt=1542',4),(1225,'Horizontal work surface at around elbow height',199,'http://iitg.vlab.co.in/?sub=72&brch=171&sim=836&cnt=1553',4,'http://iitg.vlab.co.in/?sub=72&brch=171&sim=836&cnt=1554',4),(1226,'Effective work platform height, standing',199,'http://iitg.vlab.co.in/?sub=72&brch=171&sim=839&cnt=1559',4,'http://iitg.vlab.co.in/?sub=72&brch=171&sim=839&cnt=1560',4),(1227,'Effective vertical work surface',199,'http://iitg.vlab.co.in/?sub=72&brch=171&sim=841&cnt=1566',4,'http://iitg.vlab.co.in/?sub=72&brch=171&sim=841&cnt=1636',4),(1228,'Hand dimension',199,'http://iitg.vlab.co.in/?sub=72&brch=171&sim=842&cnt=1572',4,'http://iitg.vlab.co.in/?sub=72&brch=171&sim=842&cnt=1637',4),(1229,'Human dimensional consideration for general seating',199,'http://iitg.vlab.co.in/?sub=72&brch=171&sim=858&cnt=1598',4,'http://iitg.vlab.co.in/?sub=72&brch=171&sim=858&cnt=1638',4),(1230,'Squatting posture',199,'http://iitg.vlab.co.in/?sub=72&brch=171&sim=1010&cnt=1',4,'http://iitg.vlab.co.in/?sub=72&brch=171&sim=1010&cnt=1851',4),(1231,'Body movement ranges',199,'http://iitg.vlab.co.in/?sub=72&brch=171&sim=1076&cnt=1',4,'http://iitg.vlab.co.in/?sub=72&brch=171&sim=1076&cnt=2266',4),(1232,'Business Communication',51,'http://iitg.vlab.co.in/?sub=72&brch=172&sim=1048&cnt=1',4,'http://iitg.vlab.co.in/?pg=topMenu&id=5',4),(1233,'Common Errors in English',51,'http://iitg.vlab.co.in/?sub=72&brch=172&sim=1032&cnt=1',4,'http://iitg.vlab.co.in/?pg=topMenu&id=5',4),(1234,'Communication Skills',51,'http://iitg.vlab.co.in/?sub=72&brch=172&sim=870&cnt=1',4,'http://iitg.vlab.co.in/?pg=topMenu&id=5',4),(1235,'Grammar',51,'http://iitg.vlab.co.in/?sub=72&brch=172&sim=869&cnt=1',4,'http://iitg.vlab.co.in/?pg=topMenu&id=5',4),(1236,'Technical Communication',51,'http://iitg.vlab.co.in/?sub=72&brch=172&sim=868&cnt=1',4,'http://iitg.vlab.co.in/?pg=topMenu&id=5',4),(1237,'Vocabulary',51,'http://iitg.vlab.co.in/?sub=72&brch=172&sim=867&cnt=1',4,'http://iitg.vlab.co.in/?pg=topMenu&id=5',4),(1238,'Reading and Comprehension',51,'http://iitg.vlab.co.in/?sub=72&brch=172&sim=866&cnt=1',4,'http://iitg.vlab.co.in/?pg=topMenu&id=5',4),(1239,'Listening Skills',51,'http://iitg.vlab.co.in/?sub=72&brch=172&sim=860&cnt=1',4,'http://iitg.vlab.co.in/?pg=topMenu&id=5',4),(1240,'Video Tutorials',51,'http://iitg.vlab.co.in/?sub=72&brch=172&sim=1030&cnt=1870',4,'http://iitg.vlab.co.in/?pg=topMenu&id=5',4),(1241,'Identification of Prehistoric handaxe',52,'http://iitg.vlab.co.in/?sub=72&brch=173&sim=714&cnt=1',4,'http://iitg.vlab.co.in/?sub=72&brch=173&sim=714&cnt=4',4),(1242,'Identification of finger print patterns',52,'http://iitg.vlab.co.in/?sub=72&brch=173&sim=713&cnt=1',4,'http://iitg.vlab.co.in/?sub=72&brch=173&sim=713&cnt=4',4),(1243,'Pottery - Virtual Reconstruction of Shapes',52,'http://iitg.vlab.co.in/?sub=72&brch=173&sim=711&cnt=1',4,'http://iitg.vlab.co.in/?sub=72&brch=173&sim=711&cnt=4',4),(1244,'Calculation of Indices',52,'http://iitg.vlab.co.in/?sub=72&brch=173&sim=717&cnt=1',4,'http://iitg.vlab.co.in/?sub=72&brch=173&sim=717&cnt=4',4),(1245,'Obtain the main line formula',52,'http://iitg.vlab.co.in/?sub=72&brch=173&sim=716&cnt=1',4,'http://iitg.vlab.co.in/?sub=72&brch=173&sim=716&cnt=4',4),(1246,'Skeleton - Assembling, Identification & labeling',52,'http://iitg.vlab.co.in/?sub=72&brch=173&sim=715&cnt=1',4,'http://iitg.vlab.co.in/?sub=72&brch=173&sim=715&cnt=4',4),(1247,'Blood Group Techniques',52,'http://iitg.vlab.co.in/?sub=72&brch=173&sim=880&cnt=1',4,'http://iitg.vlab.co.in/?sub=72&brch=173&sim=880&cnt=4',4),(1248,'Hunting, Fishing, Gathering Tools',52,'http://iitg.vlab.co.in/?sub=72&brch=173&sim=881&cnt=1',4,'http://iitg.vlab.co.in/?sub=72&brch=173&sim=881&cnt=4',4),(1249,'Mendel\'s Law',52,'http://iitg.vlab.co.in/?sub=72&brch=173&sim=1566&cnt=1',4,'http://iitg.vlab.co.in/?sub=72&brch=173&sim=1566&cnt=4',4),(1250,'Determination of Dynamic Performance Characteristics of First Order System',49,'http://iitg.vlab.co.in/?sub=61&brch=174&sim=1017&cnt=1935',4,'http://iitg.vlab.co.in/?sub=61&brch=174&sim=1017&cnt=4',4),(1251,'Determination of Dynamic Performance Characteristics of Second Order System',49,'http://iitg.vlab.co.in/?sub=61&brch=174&sim=1360&cnt=2843',4,'http://iitg.vlab.co.in/?sub=61&brch=174&sim=1360&cnt=4',4),(1252,'Determination of Dynamic Performance Characteristics of Higher Order Systems',49,'http://iitg.vlab.co.in/?sub=61&brch=174&sim=1361&cnt=2844',4,'http://iitg.vlab.co.in/?sub=61&brch=174&sim=1361&cnt=4',4),(1253,'Signal Conditioning Circuit for RTD (Resistance Temperature Detector)',49,'http://iitg.vlab.co.in/?sub=61&brch=174&sim=1035&cnt=3006',4,'http://iitg.vlab.co.in/?sub=61&brch=174&sim=1035&cnt=4',4),(1254,'Understanding The Basic Functions Of An Oscilloscope',49,'http://iitg.vlab.co.in/?sub=61&brch=174&sim=1058&cnt=3105',4,'http://iitg.vlab.co.in/?sub=61&brch=174&sim=1058&cnt=4',4),(1255,'Conversion of Analog to Digital and Digital to Analog Signal',49,'http://iitg.vlab.co.in/?sub=61&brch=174&sim=1412&cnt=3099',4,'http://iitg.vlab.co.in/?sub=61&brch=174&sim=1058&cnt=4',4),(1256,'Electric Field Coupling',49,'http://iitg.vlab.co.in/?sub=61&brch=174&sim=1591&cnt=3516',4,'http://iitg.vlab.co.in/?sub=61&brch=174&sim=1591&cnt=4',4),(1257,'Magnetic Field Coupling',49,'http://iitg.vlab.co.in/?sub=61&brch=174&sim=1622&cnt=3515',4,'http://iitg.vlab.co.in/?sub=61&brch=174&sim=1622&cnt=4',4),(1258,'Grounding Practices',49,'http://iitg.vlab.co.in/?sub=61&brch=174&sim=1664&cnt=1',4,'http://iitg.vlab.co.in/?pg=topMenu&id=5',4),(1259,'Fiber Optic Analog and Digital Link',83,'http://iitg.vlab.co.in/?sub=59&brch=269&sim=1317&cnt=2780',4,'http://iitg.vlab.co.in/?sub=59&brch=269&sim=1317&cnt=2782',4),(1260,'Fiber Optic Bi-directional Communication',83,'http://iitg.vlab.co.in/?sub=59&brch=269&sim=1372&cnt=3055',4,'http://iitg.vlab.co.in/?sub=59&brch=269&sim=1372&cnt=3056',4),(1261,'Wavelength Division Multiplexing',83,'http://iitg.vlab.co.in/?sub=59&brch=269&sim=1373&cnt=3289',4,'http://iitg.vlab.co.in/?sub=59&brch=269&sim=1373&cnt=3290',4),(1262,'Measurement Of Bending Losses in Optical Fiber',83,'http://iitg.vlab.co.in/?sub=59&brch=269&sim=1369&cnt=2873',4,'http://iitg.vlab.co.in/?sub=59&brch=269&sim=1369&cnt=2875',4),(1263,'Measurement Of Numerical Aperture',83,'http://iitg.vlab.co.in/?sub=59&brch=269&sim=1370&cnt=3465',4,'http://iitg.vlab.co.in/?sub=59&brch=269&sim=1370&cnt=3466',4),(1264,'Study Of LED and Detector Characteristics',83,'http://iitg.vlab.co.in/?sub=59&brch=269&sim=1371&cnt=3512',4,'http://iitg.vlab.co.in/?sub=59&brch=269&sim=1371&cnt=3511',4),(1265,'Introduction to Electrochemical Technique, Cyclic Voltammetry. (A) Ferricyanide System (B) Dopamine',79,'http://220.227.100.58/Experiments/onlineExperiments/Experiment1/introduction.aspx',4,NULL,4),(1266,'Determination of Heavy Metals in Yamuna River Water by Differential Pulse Anodic Stripping Voltammetry.',79,'http://220.227.100.58/Experiments/onlineExperiments/Experiment2/introduction.aspx',4,NULL,4),(1267,'Study of Electrochemical behaviour of Ascorbic Acid by CNT Electrode',79,'http://220.227.100.58/Experiments/onlineExperiments/Experiment3/introduction.aspx',4,NULL,4),(1268,'Electrochemical Study of Acetaminophen in Paracetamol Tablet',79,'http://220.227.100.58/Experiments/onlineExperiments/Experiment4/introduction.aspx',4,NULL,4),(1269,'Simultaneous Determination Of Heavy Metals In Water Samples Using Boron Doped Diamond Electrode',79,'http://220.227.100.58/Experiments/onlineExperiments/Experiment5/introduction.aspx',4,NULL,4),(1270,'Electrochemical study of ferri/ferro system with MUX MULTI4 Module',79,'http://220.227.100.58/Experiments/onlineExperiments/Experiment6/introduction.aspx',4,NULL,4),(1271,'Measurement of electrode impedance by Electrochemical Impedance Spectroscopy',79,'http://220.227.100.58/Experiments/onlineExperiments/Experiment7/introduction.aspx',4,NULL,4),(1272,'Fabrication of Plant modified Electrodes',79,'http://220.227.100.58/Experiments/onlineExperiments/Experiment8/introduction.aspx',4,NULL,4),(1273,'Half-Wave Rectificattion',78,'http://evalidate.freehostia.com/diode/halfrectification/halfwaveTheory.html',4,'http://evalidate.freehostia.com/diode/halfrectification/halfwaveLive.html',4),(1274,'Full-wave rectifier',78,'http://evalidate.freehostia.com/diode/fullrectification/fullwaveTheory.html',4,'http://evalidate.freehostia.com/diode/fullrectification/fullwaveLive.html',4),(1275,'Diode Clipper',78,'http://evalidate.freehostia.com/diode/clipper/clipperTheory.html',4,'http://evalidate.freehostia.com/diode/clipper/clipperLive.html',4),(1276,'AM Detector',78,'http://evalidate.freehostia.com/diode/am/amTheory.html',4,'http://evalidate.freehostia.com/diode/am/amLive.html',4),(1277,'FM Detector',78,'http://evalidate.freehostia.com/diode/fm/fmTheory.html',4,'https://cp.freehostia.com/login/',4),(1278,'Voltage Doubler',78,'http://evalidate.freehostia.com/diode/voltageDoubler/voltageDoublerTheory.html',4,'https://cp.freehostia.com/login/',4),(1279,'Diode Limiter',78,'http://evalidate.freehostia.com/diode/Diode_Limiter/diodeLimiterTheory.html',4,'http://evalidate.freehostia.com/diode/Diode_Limiter/diodeLimiterLive.html',4),(1280,'Zener Diode Applications',78,'http://evalidate.freehostia.com/diode/zener/zenerDiodeTheory.html',4,'https://cp.freehostia.com/login/',4),(1281,'Zener Regulator',78,'https://cp.freehostia.com/login/',4,'https://cp.freehostia.com/login/',4),(1282,'Voltage Tripler',78,'http://evalidate.freehostia.com/diode/voltageTripler/voltageTriplerTheory.html',4,'https://cp.freehostia.com/login/',4),(1283,'Diode Clamper',78,'http://evalidate.freehostia.com/diode/diodeClamper/clamperTheory.html',4,'http://evalidate.freehostia.com/diode/diodeClamper/clamperLive.html',4),(1284,'Varacter Tuner',78,'http://evalidate.freehostia.com/diode/varactorTuner/varactorTunerTheory.html',4,'https://cp.freehostia.com/login/',4),(1285,'Tunnel Diode Oscillator',78,'http://evalidate.freehostia.com/diode/tunnelDiode/tunnelDiodeTheory.html',4,'https://cp.freehostia.com/login/',4),(1286,'Voltage Quad',78,'https://cp.freehostia.com/login/',4,NULL,4),(1287,'BJT Based',78,'https://cp.freehostia.com/login/',4,'https://cp.freehostia.com/login/',4),(1288,'Push Pull Amplifier',78,'http://evalidate.freehostia.com/bjt/pushpull/pushpullTheory.html',4,'http://evalidate.freehostia.com/bjt/pushpull/pushpullLive.html',4),(1289,'OP-AMP Based',78,'https://cp.freehostia.com/login/',4,'https://cp.freehostia.com/login/',4),(1290,'Integrator',78,'http://evalidate.freehostia.com/op-amp/integrator/integratorTheory.html',4,'http://evalidate.freehostia.com/op-amp/integrator/integratorLive.html',4),(1291,'Differentiator',78,'https://cp.freehostia.com/login/',4,'https://cp.freehostia.com/login/',4),(1292,'Halfwave Rectifier',78,'http://evalidate.freehostia.com/op-amp/halfwaveOpamp/halfwaveOpampTheory.html',4,'http://evalidate.freehostia.com/op-amp/halfwaveOpamp/halfwaveOpampLive.html',4),(1293,'Logarithmic Amplifier',78,'http://evalidate.freehostia.com/op-amp/logarithmic/logarithmicTheory.html',4,'http://evalidate.freehostia.com/op-amp/logarithmic/logarithmicLive.html',4),(1294,'Schmitt Trigger',78,'http://evalidate.freehostia.com/op-amp/schmitt/schmittTheory.html',4,'http://evalidate.freehostia.com/op-amp/schmitt/schmittLive.html',4),(1295,'Inverting Amplifier',78,'http://evalidate.freehostia.com/op-amp/invertingAmplifier/invertingTheory.html',4,'http://evalidate.freehostia.com/op-amp/invertingAmplifier/invertingLive.html',4),(1296,'Non-Inverting Amplifier',78,'http://evalidate.freehostia.com/op-amp/non-invertingAmplifier/noninvertingTheory.html',4,'http://evalidate.freehostia.com/op-amp/non-invertingAmplifier/noninvertingLive.html',4),(1297,'Voltage Follower',78,'http://evalidate.freehostia.com/op-amp/voltageFollower/voltageFollowerTheory.html',4,'http://evalidate.freehostia.com/op-amp/voltageFollower/voltageFollowerLive.html',4),(1298,'Differential Amplifier',78,'https://cp.freehostia.com/login/',4,'https://cp.freehostia.com/login/',4),(1299,'Summing amplifier',78,'http://evalidate.freehostia.com/op-amp/summingAmplifier/summingAmplifierTheory.html',4,'http://evalidate.freehostia.com/op-amp/summingAmplifier/summingAmplifierLive.html',4),(1300,'555 Timer Based',78,'https://cp.freehostia.com/login/',4,'https://cp.freehostia.com/login/',4),(1301,'Astable Multi-Vibrator',78,'http://evalidate.freehostia.com/555/astable/astableTheory.html',4,'http://evalidate.freehostia.com/555/astable/astableLive.html',4),(1302,'Monostable Multi-Vibrator',78,'http://evalidate.freehostia.com/555/monostable/monostableTheory.html',4,'http://evalidate.freehostia.com/555/monostable/monostableLive.html',4),(1303,'RLC-Network Based',78,'https://cp.freehostia.com/login/',4,'https://cp.freehostia.com/login/',4),(1304,'RC-Integrator',78,'http://evalidate.freehostia.com/RLC/rcIntegrator/rcIntegratorTheory.html',4,'http://evalidate.freehostia.com/RLC/rcIntegrator/rcIntegratorLive.html',4),(1305,'RC-Differentiator',78,'http://evalidate.freehostia.com/RLC/rcDifferentiator/rcDifferentiatorTheory.html',4,'http://evalidate.freehostia.com/RLC/rcDifferentiator/rcDifferentiatorLive.html',4),(1306,'To study the Synchronization of alternator with infinite bus bar.',180,'http://www.vpl-dayalbagh.in/Dreamweaver/exp1.html',4,'http://www.vpl-dayalbagh.in/Dreamweaver/sim1.html',4),(1307,'To determine the direct axis reactance (Xd) and quadrature axis reactance (Xq) of synchronous machine.',180,'http://www.vpl-dayalbagh.in/Dreamweaver/exp2.html',4,'http://www.vpl-dayalbagh.in/Dreamweaver/sim2.html',4),(1308,'To determine positive sequence, negative sequence and zero sequence reactances of an alternator',180,'http://www.vpl-dayalbagh.in/Dreamweaver/exp3.html',4,'http://www.vpl-dayalbagh.in/Dreamweaver/sim3.html',4),(1309,'To measure the dielectric Strength of transformer oil',180,'http://www.vpl-dayalbagh.in/Dreamweaver/exp4.html',4,'http://www.vpl-dayalbagh.in/Dreamweaver/sim4.html',4),(1310,'To Study the effect of different shape of electrodes on dielectric (air) breakdown',180,'http://www.vpl-dayalbagh.in/Dreamweaver/exp5.html',4,'http://www.vpl-dayalbagh.in/Dreamweaver/sim5.html',4),(1311,'To Study the gas actuated Buchholz relay for oil filled transformer',180,'http://www.vpl-dayalbagh.in/Dreamweaver/exp6.html',4,'http://www.vpl-dayalbagh.in/Dreamweaver/sim6.html',4),(1312,'To Study the over-current relay and the effect of PSM and TSM',180,'http://www.vpl-dayalbagh.in/Dreamweaver/exp7.html',4,'http://www.vpl-dayalbagh.in/Dreamweaver/sim7.html',4),(1313,'To determine the sub-transient (xd\'\'), transient (xd\') and steady state reactance (xd) of a synchronous machine',180,'http://www.vpl-dayalbagh.in/Dreamweaver/exp8.html',4,'http://www.vpl-dayalbagh.in/Dreamweaver/sim8.html',4),(1314,'To Study the Ferranti Effect of a transmission line/cable',180,'http://www.vpl-dayalbagh.in/Dreamweaver/exp9.html',4,'http://www.vpl-dayalbagh.in/Dreamweaver/sim9.html',4),(1315,'Crankshaft Forming',181,'http://14.139.245.214/mfvlab/Crankshaft.php',4,'http://14.139.245.214/mfvlab/CrankSimulation.php?CrankShaft/SingleCylinder_Crankshaft.mp4',4),(1316,'Connecting Rod',181,'http://14.139.245.214/mfvlab/Rod.php',4,'http://14.139.245.214/mfvlab/RodSimulation.php?Connecting_Rod/SimulationSetup_1.mp4',4),(1317,'Screw Head',181,'http://14.139.245.214/mfvlab/ScrewHead.php',4,'http://14.139.245.214/mfvlab/ScrewHeadSimulation.php?ScrewHead/BpltSetup.mp4',4),(1318,'Gear Manufacturing',181,'http://14.139.245.214/mfvlab/Gear.php',4,'http://14.139.245.214/mfvlab/GearSimulation.php?Gear/GearSetup.mp4',4),(1319,'Bar Shearing',181,'http://14.139.245.214/mfvlab/Barshear.php',4,'http://14.139.245.214/mfvlab/BarshearSimulation.php?Barshear/BarshearSetup.mp4',4),(1320,'Medical Implants',181,'http://14.139.245.214/mfvlab/Medical.php',4,'http://14.139.245.214/mfvlab/MedicalSimulation.php?Medical/Tooth.mp4',4),(1321,'Ripple Process',181,'http://14.139.245.214/mfvlab/Ripple.php',4,'http://14.139.245.214/mfvlab/RippleSimulation.php?Barshear/TubeRipple.mp4',4),(1322,'Design and Characterisation of Strip Line',77,'http://websupplements.net/projects/virtual_labs/tab-16.html',4,'http://websupplements.net/projects/virtual_labs/tab-11.html',4),(1323,'Design and Characterisation of Microstrip Line',77,'http://websupplements.net/projects/virtual_labs/tab-9.html',4,'http://websupplements.net/projects/virtual_labs/tab-11.html',4),(1324,'Design and Characterization the slot line',77,'http://websupplements.net/projects/virtual_labs/tab-11.html',4,'http://websupplements.net/projects/virtual_labs/tab-11.html',4),(1325,'Half Wavelength Capacitively Coupled Linear Resonator',77,'http://websupplements.net/projects/virtual_labs/tab-8.html',4,'http://websupplements.net/projects/virtual_labs/tab-8.html',4),(1326,'Square Resonator',77,'http://websupplements.net/projects/virtual_labs/tab-19.html',4,'http://websupplements.net/projects/virtual_labs/tab-19.html',4),(1327,'Design and Characterisation of Coplanar Waveguide',77,'http://websupplements.net/projects/virtual_labs/tab-15.html',4,'http://websupplements.net/projects/virtual_labs/tab-15.html',4),(1328,'Patch Antenna',77,'http://websupplements.net/projects/virtual_labs/tab-13.html',4,'http://websupplements.net/projects/virtual_labs/tab-13.html',4),(1329,'Dipole Antenna',77,'http://websupplements.net/projects/virtual_labs/tab-17.html',4,'http://websupplements.net/projects/virtual_labs/tab-17.html',4),(1330,'Yagi - Uda Antenna',77,'http://websupplements.net/projects/virtual_labs/tab-18.html',4,'http://websupplements.net/projects/virtual_labs/tab-18.html',4),(1331,'Hairpin Filter',77,'http://websupplements.net/projects/virtual_labs/tab-14.html',4,'http://websupplements.net/projects/virtual_labs/tab-14.html',4),(1332,'Introduction to Programmable Logic Controller and Introduction to Digital I/O Interface to PLC',64,'http://solve.nitk.ac.in/index.php?option=com_content&view=article&id=144:new&catid=63:industrial-electric-drives&Itemid=103',4,'http://solve.nitk.ac.in/index.php?option=com_content&view=article&id=144:new&catid=63:industrial-electric-drives&Itemid=103',4),(1333,'Introduction to Ladder Logic',64,'http://solve.nitk.ac.in/index.php?option=com_content&view=article&id=155:introduction-to-ladder-logic&catid=63:industrial-electric-drives&Itemid=103',4,'http://solve.nitk.ac.in/index.php?option=com_content&view=article&id=155:introduction-to-ladder-logic&catid=63:industrial-electric-drives&Itemid=103',4),(1334,'PLC Timer Instruction',64,'http://solve.nitk.ac.in/index.php?option=com_content&view=article&id=156:plc-timer&catid=63:industrial-electric-drives&Itemid=103',4,'http://solve.nitk.ac.in/index.php?option=com_content&view=article&id=156:plc-timer&catid=63:industrial-electric-drives&Itemid=103',4),(1335,'PLC Counter Instruction',64,'http://solve.nitk.ac.in/index.php?option=com_content&view=article&id=157:plc-counter&catid=63:industrial-electric-drives&Itemid=103',4,'http://solve.nitk.ac.in/index.php?option=com_content&view=article&id=157:plc-counter&catid=63:industrial-electric-drives&Itemid=103',4),(1336,'Application of PLC',64,'http://solve.nitk.ac.in/index.php?option=com_content&view=article&id=148:application-of-plc&catid=63:industrial-electric-drives&Itemid=103',4,'http://solve.nitk.ac.in/index.php?option=com_content&view=article&id=148:application-of-plc&catid=63:industrial-electric-drives&Itemid=103',4),(1337,'Circuit Breaker Status Indication from field input',200,'http://solve.nitk.ac.in/index.php?option=com_content&view=article&id=176%3Aexperiment-4&catid=68%3Asubstation-automation-part2&Itemid=101',4,'http://solve.nitk.ac.in/index.php?option=com_content&view=article&id=176%3Aexperiment-4&catid=68%3Asubstation-automation-part2&Itemid=101',4),(1338,'Control of Group Operated Switches (GOS) from workstation',200,'http://solve.nitk.ac.in/index.php?option=com_content&view=article&id=75%3Aexperiment-3&catid=68%3Asubstation-automation-part2&Itemid=101',4,'http://solve.nitk.ac.in/index.php?option=com_content&view=article&id=75%3Aexperiment-3&catid=68%3Asubstation-automation-part2&Itemid=101',4),(1339,'Monitoring Feeder parameter from workstation',200,'http://solve.nitk.ac.in/index.php?option=com_content&view=article&id=177%3Aexp1&catid=68%3Asubstation-automation-part2&Itemid=101',4,'http://solve.nitk.ac.in/index.php?option=com_content&view=article&id=177%3Aexp1&catid=68%3Asubstation-automation-part2&Itemid=101',4),(1340,'Fault scenario simulation in a feeder',200,'http://solve.nitk.ac.in/index.php?option=com_content&view=article&id=190%3Aplc-introduction-to-logic&catid=68%3Asubstation-automation-part2&Itemid=101',4,'http://solve.nitk.ac.in/index.php?option=com_content&view=article&id=190%3Aplc-introduction-to-logic&catid=68%3Asubstation-automation-part2&Itemid=101',4),(1341,'Fault scenario simulation in a Transformer /Bus',200,'http://solve.nitk.ac.in/index.php?option=com_content&view=article&id=135%3Afault-scenario-simulation-in-a-transformer-bus&catid=68%3Asubstation-automation-part2&Itemid=101',4,'http://solve.nitk.ac.in/index.php?option=com_content&view=article&id=135%3Afault-scenario-simulation-in-a-transformer-bus&catid=68%3Asubstation-automation-part2&Itemid=101',4),(1342,'Load Transfer from one Feeder to other during Transformer Maintenance',200,'http://solve.nitk.ac.in/index.php?option=com_content&view=article&id=136%3Aload-transfer-from-one-feeder-to-other-during-transformer-maintenance&catid=68%3Asubstation-automation-part2&Itemid=101',4,'http://solve.nitk.ac.in/index.php?option=com_content&view=article&id=136%3Aload-transfer-from-one-feeder-to-other-during-transformer-maintenance&catid=68%3Asubstation-automation-part2&Itemid=101',4),(1343,'Control Of Bus Voltages Through Onload Tap Changes',200,'http://solve.nitk.ac.in/index.php?option=com_content&view=article&id=137%3Acontrol-of-bus-voltages-through-onload-tap-changes&catid=68%3Asubstation-automation-part2&Itemid=101',4,'http://solve.nitk.ac.in/index.php?option=com_content&view=article&id=137%3Acontrol-of-bus-voltages-through-onload-tap-changes&catid=68%3Asubstation-automation-part2&Itemid=101',4),(1344,'Development of 11KV/433 volts substation automation scheme using PLC for normal load operation',200,'http://solve.nitk.ac.in/index.php?option=com_content&view=article&id=76%3Aexperiment222&catid=68%3Asubstation-automation-part2&Itemid=101',4,'http://solve.nitk.ac.in/index.php?option=com_content&view=article&id=76%3Aexperiment222&catid=68%3Asubstation-automation-part2&Itemid=101',4),(1345,'Development of 11KV/433 volts substation automation scheme using PLC for timer ON/OFF load control',200,'http://solve.nitk.ac.in/index.php?option=com_content&view=article&id=165%3Adevelopment-of-11kv433-volts-substation-automation-scheme-using-plc-for-timer-onoff-load-control&catid=68%3Asubstation-automation-part2&Itemid=101',4,'http://solve.nitk.ac.in/index.php?option=com_content&view=article&id=165%3Adevelopment-of-11kv433-volts-substation-automation-scheme-using-plc-for-timer-onoff-load-control&catid=68%3Asubstation-automation-part2&Itemid=101',4),(1346,'Development of 11KV/433 volts substation automation scheme using PLC for cyclic ON/OFF load control',200,'http://solve.nitk.ac.in/index.php?option=com_content&view=article&id=164%3Adevelopment-of-11kv433-volts-substation-automation-scheme-using-plc-for-cyclic-onoff-load-control&catid=68%3Asubstation-automation-part2&Itemid=101',4,'http://solve.nitk.ac.in/index.php?option=com_content&view=article&id=164%3Adevelopment-of-11kv433-volts-substation-automation-scheme-using-plc-for-cyclic-onoff-load-control&catid=68%3Asubstation-automation-part2&Itemid=101',4),(1347,'Autoreclosure And Sectionalizer Operation',200,'http://solve.nitk.ac.in/index.php?option=com_content&view=article&id=139%3Aautoreclosure-and-sectionalizer-operation&catid=68%3Asubstation-automation-part2&Itemid=101',4,'http://solve.nitk.ac.in/index.php?option=com_content&view=article&id=139%3Aautoreclosure-and-sectionalizer-operation&catid=68%3Asubstation-automation-part2&Itemid=101',4),(1348,'Position analysis of Grashof four bar mechanism',65,'http://solve.nitk.ac.in/index.php?option=com_content&view=article&id=77',4,'http://solve.nitk.ac.in/index.php?option=com_content&view=article&id=77',4),(1349,'Velocity analysis of Grashof four bar mechanism',65,'http://solve.nitk.ac.in/index.php?option=com_content&view=article&id=122',4,'http://solve.nitk.ac.in/index.php?option=com_content&view=article&id=122',4),(1350,'Acceleration analysis of Grashof four bar mechanism',65,'http://solve.nitk.ac.in/index.php?option=com_content&view=article&id=123',4,'http://solve.nitk.ac.in/index.php?option=com_content&view=article&id=123',4),(1351,'Position analysis of NonGrashof four bar mechanism',65,'http://solve.nitk.ac.in/index.php?option=com_content&view=article&id=104',4,'http://solve.nitk.ac.in/index.php?option=com_content&view=article&id=104',4),(1352,'Velocity analysis of NonGrashof four bar mechanism',65,'http://solve.nitk.ac.in/index.php?option=com_content&view=article&id=124',4,'http://solve.nitk.ac.in/index.php?option=com_content&view=article&id=124',4),(1353,'Acceleration analysis of NonGrashof four bar mechanism',65,'http://solve.nitk.ac.in/index.php?option=com_content&view=article&id=125',4,'http://solve.nitk.ac.in/index.php?option=com_content&view=article&id=125',4),(1354,'Position analysis of Slider crank mechanism',65,'http://solve.nitk.ac.in/index.php?option=com_content&view=article&id=105',4,'http://solve.nitk.ac.in/index.php?option=com_content&view=article&id=105',4),(1355,'Velocity analysis of Slider crank mechanism',65,'http://solve.nitk.ac.in/index.php?option=com_content&view=article&id=108',4,'http://solve.nitk.ac.in/index.php?option=com_content&view=article&id=108',4),(1356,'Acceleration analysis of Slider crank mechanism',65,'http://solve.nitk.ac.in/index.php?option=com_content&view=article&id=107',4,'http://solve.nitk.ac.in/index.php?option=com_content&view=article&id=107',4),(1357,'Position analysis of Slider crank mechanism with Offset',65,'http://solve.nitk.ac.in/index.php?option=com_content&view=article&id=106',4,'http://solve.nitk.ac.in/index.php?option=com_content&view=article&id=106',4),(1358,'Position analysis of Scotch Yoke Mechanism',65,'http://solve.nitk.ac.in/index.php?option=com_content&view=article&id=109',4,'http://solve.nitk.ac.in/index.php?option=com_content&view=article&id=109',4),(1359,'Velocity analysis of Scotch Yoke Mechanism',65,'http://solve.nitk.ac.in/index.php?option=com_content&view=article&id=121',4,'http://solve.nitk.ac.in/index.php?option=com_content&view=article&id=121',4),(1360,'Acceleration analysis of Scotch Yoke Mechanism',65,'http://solve.nitk.ac.in/index.php?option=com_content&view=article&id=126',4,'http://solve.nitk.ac.in/index.php?option=com_content&view=article&id=126',4),(1361,'Position analysis of Elliptical Trammel',65,'http://solve.nitk.ac.in/index.php?option=com_content&view=article&id=110',4,'http://solve.nitk.ac.in/index.php?option=com_content&view=article&id=110',4),(1362,'Hart Straight Line Mechanism',65,'http://solve.nitk.ac.in/index.php?option=com_content&view=article&id=127',4,'http://solve.nitk.ac.in/index.php?option=com_content&view=article&id=127',4),(1363,'Tchebichev Straight Line Mechanism',65,'http://solve.nitk.ac.in/index.php?option=com_content&view=article&id=128',4,'http://solve.nitk.ac.in/index.php?option=com_content&view=article&id=128',4),(1364,'Free vibration of cantilever beam',66,'http://solve.nitk.ac.in/index.php?option=com_content&view=article&id=103',4,'http://solve.nitk.ac.in/index.php?option=com_content&view=article&id=103',4),(1365,'Free vibration of simply supported beam',66,'http://solve.nitk.ac.in/index.php?option=com_content&view=article&id=83',4,'http://solve.nitk.ac.in/index.php?option=com_content&view=article&id=83',4),(1366,'Free vibration of fixed beam',66,'http://solve.nitk.ac.in/index.php?option=com_content&view=article&id=102',4,'http://solve.nitk.ac.in/index.php?option=com_content&view=article&id=102',4),(1367,'Forced vibration of SDOF system',66,'http://solve.nitk.ac.in/index.php?option=com_content&view=article&id=132',4,'http://solve.nitk.ac.in/index.php?option=com_content&view=article&id=132',4),(1368,'Base Excitation',66,'http://solve.nitk.ac.in/index.php?option=com_content&view=article&id=130',4,'http://solve.nitk.ac.in/index.php?option=com_content&view=article&id=130',4),(1369,'Rotating Unbalance',66,'http://solve.nitk.ac.in/index.php?option=com_content&view=article&id=131',4,'http://solve.nitk.ac.in/index.php?option=com_content&view=article&id=131',4),(1370,'2DOF Forced vibration',66,'http://solve.nitk.ac.in/index.php?option=com_content&view=article&id=134',4,'http://solve.nitk.ac.in/index.php?option=com_content&view=article&id=134',4),(1371,'Dynamic Vibration Absorber',66,'http://solve.nitk.ac.in/index.php?option=com_content&view=article&id=133',4,'http://solve.nitk.ac.in/index.php?option=com_content&view=article&id=133',4),(1372,'Flow Through Pipes',62,'http://solve.nitk.ac.in/index.php?option=com_content&view=article&id=93:flow-through-pipes-&catid=61:processcontrol&Itemid=98',4,'http://solve.nitk.ac.in/index.php?option=com_content&view=article&id=93:flow-through-pipes-&catid=61:processcontrol&Itemid=98',4),(1373,'Flow Through Fittings',62,'http://solve.nitk.ac.in/index.php?option=com_content&view=article&id=101:flow-through-fittings&catid=61:processcontrol&Itemid=98',4,'http://solve.nitk.ac.in/index.php?option=com_content&view=article&id=101:flow-through-fittings&catid=61:processcontrol&Itemid=98',4),(1374,'Flow through Orifice meter',62,'http://solve.nitk.ac.in/index.php?option=com_content&view=article&id=95:flow-through-orifice-meter&catid=61:processcontrol&Itemid=98',4,'http://solve.nitk.ac.in/index.php?option=com_content&view=article&id=95:flow-through-orifice-meter&catid=61:processcontrol&Itemid=98',4),(1375,'Flow through Packed Bed',62,'http://solve.nitk.ac.in/index.php?option=com_content&view=article&id=94:flow-through-packed-bed&catid=61:processcontrol&Itemid=98',4,'http://solve.nitk.ac.in/index.php?option=com_content&view=article&id=94:flow-through-packed-bed&catid=61:processcontrol&Itemid=98',4),(1376,'Flow through  Venturi meter',62,'http://solve.nitk.ac.in/index.php?option=com_content&view=article&id=100:flow-through-venturi-meter&catid=61:processcontrol&Itemid=98',4,'http://solve.nitk.ac.in/index.php?option=com_content&view=article&id=100:flow-through-venturi-meter&catid=61:processcontrol&Itemid=98',4),(1377,'Flow through Fluidized Bed',62,'http://solve.nitk.ac.in/index.php?option=com_content&view=article&id=97:flow-through-fluidized-bed&catid=61:processcontrol&Itemid=98',4,'http://solve.nitk.ac.in/index.php?option=com_content&view=article&id=97:flow-through-fluidized-bed&catid=61:processcontrol&Itemid=98',4),(1378,'Reaction kinetic studies in a  batch reactor',62,'http://solve.nitk.ac.in/index.php?option=com_content&view=article&id=98:reaction-kinetic-studies-in-a-batch-reactor&catid=61:processcontrol&Itemid=98',4,'http://solve.nitk.ac.in/index.php?option=com_content&view=article&id=98:reaction-kinetic-studies-in-a-batch-reactor&catid=61:processcontrol&Itemid=98',4),(1379,'Reaction kinetic studies in a mixed flow reactor',62,'http://solve.nitk.ac.in/index.php?option=com_content&view=article&id=96:reaction-kinetic-studies-in-a-mixed-flow-reactor&catid=61:processcontrol&Itemid=98',4,'http://solve.nitk.ac.in/index.php?option=com_content&view=article&id=96:reaction-kinetic-studies-in-a-mixed-flow-reactor&catid=61:processcontrol&Itemid=98',4),(1380,'Reaction kinetic studies in a plug  flow reactor',62,'http://solve.nitk.ac.in/index.php?option=com_content&view=article&id=99:reaction-kinetic-studies-in-a-plug-flow-reactor&catid=61:processcontrol&Itemid=98',4,'http://solve.nitk.ac.in/index.php?option=com_content&view=article&id=99:reaction-kinetic-studies-in-a-plug-flow-reactor&catid=61:processcontrol&Itemid=98',4),(1381,'Impact of Jet',63,'http://solve.nitk.ac.in/index.php?option=com_content&view=article&id=67:impact-of-jet&catid=60:fluidmechanics&Itemid=95',4,'http://solve.nitk.ac.in/index.php?option=com_content&view=article&id=67:impact-of-jet&catid=60:fluidmechanics&Itemid=95',4),(1382,'Mohr\'s circle',63,'http://solve.nitk.ac.in/index.php?option=com_content&view=article&id=112:mohr-circle&catid=38:strengthofmaterials&Itemid=80',4,'http://solve.nitk.ac.in/index.php?option=com_content&view=article&id=112:mohr-circle&catid=38:strengthofmaterials&Itemid=80',4),(1383,'Bending Stresses',63,'http://solve.nitk.ac.in/index.php?option=com_content&view=article&id=116:mohr-cicle&catid=38:strengthofmaterials&Itemid=80',4,'http://solve.nitk.ac.in/index.php?option=com_content&view=article&id=116:mohr-cicle&catid=38:strengthofmaterials&Itemid=80',4),(1384,'Deflection in Cantilever',63,'http://solve.nitk.ac.in/index.php?option=com_content&view=article&id=117:mohr-cicle&catid=38:strengthofmaterials&Itemid=80',4,'http://solve.nitk.ac.in/index.php?option=com_content&view=article&id=117:mohr-cicle&catid=38:strengthofmaterials&Itemid=80',4),(1385,'Deflection in Beam',63,'http://solve.nitk.ac.in/index.php?option=com_content&view=article&id=118:deflectioninbeam&catid=38:strengthofmaterials&Itemid=80',4,'http://solve.nitk.ac.in/index.php?option=com_content&view=article&id=118:deflectioninbeam&catid=38:strengthofmaterials&Itemid=80',4),(1386,'Identifying the requirements from problem statements',168,'http://virtual-labs.ac.in/cse08/isad/1/',4,'http://virtual-labs.ac.in/cse08/isad/1/simulation/',4),(1387,'Estimation of project metrics',168,'http://virtual-labs.ac.in/cse08/isad/2/',4,'http://virtual-labs.ac.in/cse08/isad/2/simulation/',4),(1388,'Modeling UML use case diagram & capturing use case scenarios',168,'http://virtual-labs.ac.in/cse08/isad/3/',4,'http://virtual-labs.ac.in/cse08/isad/3/simulation/',4),(1389,'E-R modeling from the problem statements',168,'http://virtual-labs.ac.in/cse08/isad/4/',4,'http://virtual-labs.ac.in/cse08/isad/4/simulation/',4),(1390,'Identifying domain classes from the problem statements',168,'http://virtual-labs.ac.in/cse08/isad/5/',4,'http://virtual-labs.ac.in/cse08/isad/5/simulation/',4),(1391,'Activity & statechart modeling',168,'http://virtual-labs.ac.in/cse08/isad/6/',4,'http://virtual-labs.ac.in/cse08/isad/6/simulation/',4),(1392,'Modeling UML class diagram & collaboration diagrams/sequence diagrams',168,'http://virtual-labs.ac.in/cse08/isad/7/',4,'http://virtual-labs.ac.in/cse08/isad/7/simulation/',4),(1393,'Modeling DFD',168,'http://virtual-labs.ac.in/cse08/isad/8/',4,'http://virtual-labs.ac.in/cse08/isad/8/simulation/',4),(1394,'Estimation of test coverage metrics & structural complexity',168,'http://virtual-labs.ac.in/cse08/isad/9/',4,'http://virtual-labs.ac.in/cse08/isad/9/simulation/',4),(1395,'Designing test suite',168,'http://virtual-labs.ac.in/cse08/isad/10/',4,'http://virtual-labs.ac.in/cse08/isad/10/simulation/',4),(1396,'Carry Lookahead Adders',169,'http://virtual-labs.ac.in/labs/cse10/cla_design.html',4,'http://virtual-labs.ac.in/labs/cse10/cla_design.html',4),(1397,'Ripple Carry Adder',169,'http://virtual-labs.ac.in/labs/cse10/rca_design.html',4,'http://virtual-labs.ac.in/labs/cse10/rca_design.html',4),(1398,'Registers and Counters',169,'http://virtual-labs.ac.in/labs/cse10/reg_cnt_design.html',4,'http://virtual-labs.ac.in/labs/cse10/reg_cnt_design.html',4),(1399,'Wallace Tree Adder',169,'http://virtual-labs.ac.in/labs/cse10/wta.html',4,'http://virtual-labs.ac.in/labs/cse10/wta.html',4),(1400,'Combinational Multiplier',169,'http://virtual-labs.ac.in/labs/cse10/cmult.html',4,'http://virtual-labs.ac.in/labs/cse10/cmult.html',4),(1401,'Booth\'s Multiplier',169,'http://virtual-labs.ac.in/labs/cse10/booth.html',4,'http://virtual-labs.ac.in/labs/cse10/booth.html',4),(1402,'Arithmatic Logic Unit',169,'http://iitkgp.vlab.co.in/?sub=38&brch=120&sim=487&cnt=676',4,'http://virtual-labs.ac.in/labs/cse10/alu.html',4),(1403,'Memory Design',169,'http://virtual-labs.ac.in/labs/cse10/memory.html',4,'http://virtual-labs.ac.in/labs/cse10/memory.html',4),(1404,'Associative cache Design',169,'http://virtual-labs.ac.in/labs/cse10/ac.html',4,'http://virtual-labs.ac.in/labs/cse10/ac.html',4),(1405,'Direct Mapped cache Design',169,'http://virtual-labs.ac.in/labs/cse10/dmc.html',4,'http://virtual-labs.ac.in/labs/cse10/dmc.html',4),(1406,'CPU Design',169,'http://virtual-labs.ac.in/labs/cse10/comp.html',4,'http://virtual-labs.ac.in/labs/cse10/comp.html',4),(1407,'Basics of Network Simulation',170,'http://virtual-labs.ac.in/cse28/ant/ant/1/',4,'http://virtual-labs.ac.in/cse28/ant/ant/1/simulation/',4),(1408,'Simulating a Typical LAN',170,'http://virtual-labs.ac.in/cse28/ant/ant/2/',4,'http://virtual-labs.ac.in/cse28/ant/ant/2/simulation/',4),(1409,'Measuring Network Performance',170,'http://virtual-labs.ac.in/cse28/ant/ant/3/',4,'http://virtual-labs.ac.in/cse28/ant/ant/3/simulation/',4),(1410,'Simulation of a Satellite Network',170,'http://virtual-labs.ac.in/cse28/ant/ant/4/',4,'http://virtual-labs.ac.in/cse28/ant/ant/4/simulation/',4),(1411,'Simulating a WiFi Network',170,'http://virtual-labs.ac.in/cse28/ant/ant/5/',4,'http://virtual-labs.ac.in/cse28/ant/ant/5/simulation/',4),(1412,'Simulating a WiMax Network',170,'http://virtual-labs.ac.in/cse28/ant/ant/6/',4,'http://virtual-labs.ac.in/cse28/ant/ant/6/simulation/',4),(1413,'Simulating a Mobile Adhoc Network',170,'http://virtual-labs.ac.in/cse28/ant/ant/7/',4,'http://virtual-labs.ac.in/cse28/ant/ant/7/simulation/',4),(1414,'Simulating a Wireless Sensor Network',170,'http://virtual-labs.ac.in/cse28/ant/ant/8/',4,'http://virtual-labs.ac.in/cse28/ant/ant/8/simulation/',4),(1415,'Setting up a Bluetooth Network',170,'http://virtual-labs.ac.in/cse28/ant/ant/9/',4,'http://virtual-labs.ac.in/cse28/ant/ant/9/simulation/',4),(1416,'Setting up a ZigBee Network and studying a few protocols',170,'http://virtual-labs.ac.in/cse28/ant/ant/10/',4,'http://virtual-labs.ac.in/cse28/ant/ant/10/simulation/',4),(1417,'I-V characteristics of P-N junction diode, zener diode, LEDs',189,'http://59.181.142.81/devices_and_circuits/devices%20and%20circuits/iv-diodes/',4,NULL,4),(1418,'Measurement of Capacitance of P-N junction Diode',189,'http://59.181.142.81/devices_and_circuits/devices%20and%20circuits/cap-diode/',4,NULL,4),(1419,'Wave shaping circuits using diodes',189,'http://59.181.142.81/devices_and_circuits/devices%20and%20circuits/wave-diodes/',4,NULL,4),(1420,'Rectifiers with and without capacitive filters',189,'http://59.181.142.81/devices_and_circuits/devices%20and%20circuits/rectifier/',4,NULL,4),(1421,'Bipolar Junction Transistor CE characteristics',189,'http://59.181.142.81/devices_and_circuits/devices%20and%20circuits/bjtchar/',4,NULL,4),(1422,'Transistor Biasing',189,'http://59.181.142.81/devices_and_circuits/devices%20and%20circuits/Transbias/',4,NULL,4),(1423,'BJT Small Signal Parameters',189,'http://59.181.142.81/devices_and_circuits/devices%20and%20circuits/bjt/',4,NULL,4),(1424,'MOSFET characteristics',189,'http://59.181.142.81/devices_and_circuits/devices%20and%20circuits/mosfet/',4,NULL,4),(1425,'TTL CMOS characteristics',189,'http://59.181.142.81/devices_and_circuits/devices%20and%20circuits/TTL%20CMOS%20char/',4,NULL,4),(1426,'Current mirror circuits using BJT',189,'http://59.181.142.81/devices_and_circuits/devices%20and%20circuits/current-mirror/',4,NULL,4),(1427,'Superposition theorem',189,'http://59.181.142.81/devices_and_circuits/network_analysis/superposition.pdf',4,NULL,4),(1428,'Thevenin\'s theorem',189,'http://59.181.142.81/devices_and_circuits/network_analysis/thevenin.pdf',4,NULL,4),(1429,'Mesh and node current analysis',189,'http://59.181.142.81/devices_and_circuits/network_analysis/mesh.pdf',4,NULL,4),(1430,'Time response of R-C circuit',189,'http://59.181.142.81/devices_and_circuits/network_analysis/rc.pdf',4,NULL,4),(1431,'Time response of R-L circuit to a step voltage input',189,'http://59.181.142.81/devices_and_circuits/network_analysis/rl.pdf',4,NULL,4),(1432,'Time response of R-L-C series circuit to a step D.C. voltage input',189,'http://59.181.142.81/devices_and_circuits/network_analysis/rlc.pdf',4,NULL,4),(1433,'Resonance of R-L-C series circuit',189,'http://59.181.142.81/devices_and_circuits/network_analysis/rlc_resonance.pdf',4,NULL,4),(1434,'OPAMP Basics',189,'http://59.181.142.81/devices_and_circuits/lic/opamp-basics/',4,NULL,4),(1435,'Integrator/differentiator',189,'http://59.181.142.81/devices_and_circuits/lic/int-diff/',4,NULL,4),(1436,'Active filters',189,'http://59.181.142.81/devices_and_circuits/lic/active-filters/',4,NULL,4),(1437,'Schmitt trigger using IC 741',189,'http://59.181.142.81/devices_and_circuits/lic/schmitt/',4,NULL,4),(1438,'Monostable multivibrator using IC 741',189,'http://59.181.142.81/devices_and_circuits/lic/monostable/',4,NULL,4),(1439,'Astable multivibrator using IC 741',189,'http://59.181.142.81/devices_and_circuits/lic/astable/',4,NULL,4),(1440,'Triangular/square waveform generator using IC 741',189,'http://59.181.142.81/devices_and_circuits/lic/waveform/',4,NULL,4),(1441,'RC oscillators',189,'http://59.181.142.81/devices_and_circuits/lic/rc-oscillator/',4,NULL,4),(1442,'Monostable multivibrator using IC 555',189,'http://59.181.142.81/devices_and_circuits/lic/monostable-555/',4,NULL,4),(1443,'Astable multivibrator using IC 555',189,'http://59.181.142.81/devices_and_circuits/lic/astable-555/',4,NULL,4),(1444,'Smoothening of images',189,'http://59.181.142.81/image_processing/experiments/smoothing/smoothening.pdf',4,NULL,4),(1445,'Edge detection using various operators',189,'http://59.181.142.81/image_processing/experiments/edge/edge-detection.pdf',4,NULL,4),(1446,'Histogram',189,'http://59.181.142.81/image_processing/experiments/hist/histogram.pdf',4,NULL,4),(1447,'Morphological operations',189,NULL,4,NULL,4),(1448,'Thresholding: Interactive Tutorial | Download Interactive Tutorial',189,NULL,4,NULL,4),(1449,'Thresholding',189,NULL,4,NULL,4),(1450,'Study of statistical properties- mean, standard deviation, profile, variance and Histogram plotting.',189,NULL,4,NULL,4),(1451,'Image enhancement using spatial filtering.',189,NULL,4,NULL,4),(1452,'Study of 2-D F.F.T of image.',189,NULL,4,NULL,4),(1453,'DCT and IDCT of image for compression.',189,NULL,4,NULL,4),(1454,'KL transform.',189,NULL,4,NULL,4),(1455,'Function for determining boundary descriptors, like boundary length and curvature',189,NULL,4,NULL,4),(1456,'Properties of Signals: Procedure | Scilab Codes: Folding | Scaling | Shifting | Interactive Tutorial',189,'http://59.181.142.81/signal_processing/signals_and_systems/experiments/Properties%20of%20signals/Properties%20of%20signals.pdf',4,NULL,4),(1457,'Waveform Generation: Pre-lab test | Procedure | Source files | Post-lab exercises',189,'http://59.181.142.81/signal_processing/signals_and_systems/experiments/waveform/procedure.htm',4,NULL,4),(1458,'Additive Synthesis of Musical Tone: Procedure | Scilab Code | Interactive Tutorial',189,'http://59.181.142.81/signal_processing/signals_and_systems/experiments/sound_synthesis/',4,NULL,4),(1459,'Discrete Time Convolution: Theory | Pre-lab work | Procedure | Scilab Simulation | Post-lab exercises | Interactive Tutorial',189,'http://59.181.142.81/signal_processing/signals_and_systems/experiments/convolution/about/',4,NULL,4),(1460,'Autocorrelation: Procedure | Scilab Code',189,'http://59.181.142.81/signal_processing/signals_and_systems/experiments/Autocorrelation/Autocorrelation.pdf',4,NULL,4),(1461,'Circular Convolution: Procedure | Scilab Code',189,'http://59.181.142.81/signal_processing/signals_and_systems/experiments/Circular%20Convolution/Circular%20convolution.pdf',4,NULL,4),(1462,'Discrete Fourier Transform: Procedure | Scilab Code',189,'http://59.181.142.81/signal_processing/signals_and_systems/experiments/DFT/DFT.pdf',4,NULL,4),(1463,'PIC',189,'http://59.181.142.81/uc/pic/index.php',4,NULL,4),(1464,'Pt-51',189,'http://59.181.142.81/uc/8051/index.php',4,NULL,4),(1465,'CPLD',189,'http://59.181.142.81/modern_digital_design/cpld/',4,NULL,4),(1466,'FPGA',189,'http://59.181.142.81/modern_digital_design/fpga/',4,NULL,4),(1467,'Study of field pattern of various modes inside a rectangular waveguide.',73,'http://www.iitk.ac.in/mimt_lab/vlab/index.php?pg=waveguide/aim&usr=&enc=',4,NULL,4),(1468,'Study of field pattern of various modes inside a rectangular waveguide cavity.',73,'http://www.iitk.ac.in/mimt_lab/vlab/index.php?pg=rwcavity/aim&usr=&enc=',4,NULL,4),(1469,'Measurement of the dielectric constant and loss tangent of materials in microwave frequency band using a rectangular waveguide cavity.',73,'http://www.iitk.ac.in/mimt_lab/vlab/index.php?pg=cavity/aim&usr=&enc=',4,NULL,4),(1470,'Observe the transient phenomenon of terminated coaxial transmission lines in order to study their time domain behaviour.',73,'http://www.iitk.ac.in/mimt_lab/vlab/index.php?pg=tl/aim&usr=&enc=',4,NULL,4),(1471,'Study the behavior of terminated coaxial transmission lines in frequency domain.',73,'http://www.iitk.ac.in/mimt_lab/vlab/index.php?pg=txl_fd/aim&usr=&enc=',4,NULL,4),(1472,'Introduction to Smith chart and its application for the unknown impedance measurement.',73,'http://www.iitk.ac.in/mimt_lab/vlab/index.php?pg=smith/aim&usr=&enc=',4,NULL,4),(1473,'Study the behavior of impedance matching for passive networks using Smith chart.',73,'http://www.iitk.ac.in/mimt_lab/vlab/index.php?pg=im/aim&usr=&enc=',4,NULL,4),(1474,'Concept of generalized n-port scattering parameters, and formulation of these parameters into 2-port reflection and transmission coefficients.',73,'http://www.iitk.ac.in/mimt_lab/vlab/index.php?pg=s_parameter/aim&usr=&enc=',4,NULL,4),(1475,'Find the change in characteristics impedance and reflection coefficients of the transmission line by changing the dielectric properties of materials embedded between two conductors.',73,'http://www.iitk.ac.in/mimt_lab/vlab/index.php?pg=reflection_coefficients/aim&usr=&enc=',4,NULL,4),(1476,'Introduce the concept of ratio meter, and its significance for the scalar network analyzer.',73,'http://www.iitk.ac.in/mimt_lab/vlab/index.php?pg=ratio_meter/aim&usr=&enc=',4,NULL,4),(1477,'Ultrafast Laser Pulse Measurment',71,'http://home.iitk.ac.in/~dgoswami/vlab/ultrafast.php',4,NULL,4),(1478,'Measure of Time-frequency bandwidth relation: Experimental demonstration of Heisenberg Uncertainity Principle',71,'http://home.iitk.ac.in/~dgoswami/vlab/measure.php',4,NULL,4),(1479,'Confocal Microscopy: Principles & Experiments',71,'http://home.iitk.ac.in/~dgoswami/vlab/confocal.php',4,NULL,4),(1480,'Live Cell Multiphoton Imaging: Principles & Experiments',71,'http://home.iitk.ac.in/~dgoswami/vlab/live.php',4,NULL,4),(1481,'Optical Tweezer with Femtosecond Laser Pulses',71,'http://home.iitk.ac.in/~dgoswami/vlab/optical.php',4,NULL,4),(1482,'Thermal Lens Spectroscopy with High Repetition Rate Lasers',71,'http://home.iitk.ac.in/~dgoswami/vlab/optical.php',4,NULL,4),(1483,'Queuing Experiments',154,'http://gssl.iitk.ac.in/pssl/user/simple_queue.php',4,'http://gssl.iitk.ac.in/pssl/user/simulation.php',4),(1484,'Shop Experiments',154,'http://gssl.iitk.ac.in/pssl/user/singleexpform.php',4,NULL,4),(1485,'Scheduling Experiments',154,'http://gssl.iitk.ac.in/pssl/user/drules.php',4,NULL,4),(1486,'Layout Experiments',154,'http://gssl.iitk.ac.in/pssl/user/flp.php',4,NULL,4),(1487,'Energy losses in pipe flow',53,'http://iitg.vlab.co.in/?sub=62&brch=176&sim=1635&cnt=1',4,'http://iitg.vlab.co.in/?sub=62&brch=176&sim=1635&cnt=4',4),(1488,'Flow through Venturi meter',53,'http://iitg.vlab.co.in/?sub=62&brch=176&sim=1636&cnt=1',4,'http://iitg.vlab.co.in/?sub=62&brch=176&sim=1636&cnt=4',4),(1489,'Incompressible flow through a Nozzle and a Diffuser',53,'http://iitg.vlab.co.in/?sub=62&brch=176&sim=1638&cnt=1',4,'http://iitg.vlab.co.in/?sub=62&brch=176&sim=1638&cnt=4',4),(1490,'Conduction analysis of Single Material Slab',53,'http://iitg.vlab.co.in/?sub=62&brch=176&sim=1149&cnt=1',4,'http://iitg.vlab.co.in/?sub=62&brch=176&sim=1149&cnt=4',4),(1491,'Conduction analysis of Single Material Sphere',53,'http://iitg.vlab.co.in/?sub=62&brch=176&sim=1150&cnt=1',4,'http://iitg.vlab.co.in/?sub=62&brch=176&sim=1150&cnt=4',4),(1492,'Conduction analysis of Single Material Cylinder',53,'http://iitg.vlab.co.in/?sub=62&brch=176&sim=1141&cnt=1',4,'http://iitg.vlab.co.in/?sub=62&brch=176&sim=1141&cnt=4',4),(1493,'Conduction analysis of Double Material Slab',53,'http://iitg.vlab.co.in/?sub=62&brch=176&sim=1152&cnt=1',4,'http://iitg.vlab.co.in/?sub=62&brch=176&sim=1152&cnt=4',4),(1494,'Conduction analysis of Double Material Sphere',53,'http://iitg.vlab.co.in/?sub=62&brch=176&sim=1153&cnt=1',4,'http://iitg.vlab.co.in/?sub=62&brch=176&sim=1153&cnt=4',4),(1495,'Conduction analysis of Double Material Cylinder',53,'http://iitg.vlab.co.in/?sub=62&brch=176&sim=1151&cnt=1',4,'http://iitg.vlab.co.in/?sub=62&brch=176&sim=1151&cnt=4',4),(1496,'To determine the overall heat transfer coefficient (U) in the parallel flow heat exchanger.',53,'http://iitg.vlab.co.in/?sub=62&brch=176&sim=1155&cnt=1',4,'http://iitg.vlab.co.in/?sub=62&brch=176&sim=1155&cnt=4',4),(1497,'To determine the overall heat transfer coefficient (U) in the  counter flow heat exchanger.',53,'http://iitg.vlab.co.in/?sub=62&brch=176&sim=1154&cnt=1',4,'http://iitg.vlab.co.in/?sub=62&brch=176&sim=1154&cnt=4',4),(1498,'To investigate the Lambert\'s distance law',53,'http://iitg.vlab.co.in/?sub=62&brch=176&sim=1157&cnt=1',4,'http://iitg.vlab.co.in/?sub=62&brch=176&sim=1157&cnt=4',4),(1499,'To investigate the Lambert\'s direction law (cosine law)',53,'http://iitg.vlab.co.in/?sub=62&brch=176&sim=1158&cnt=1',4,'http://iitg.vlab.co.in/?sub=62&brch=176&sim=1158&cnt=4',4),(1500,'Remotely Triggered Actuators and Sensors',104,'http://iitg.vlab.co.in/?sub=62&brch=271&sim=1386&cnt=2898',4,'http://iitg.vlab.co.in/?sub=62&brch=271&sim=1386&cnt=3386',4),(1501,'Direct Kinematics - By Remotely Triggering Stationary Base Robot',104,'http://iitg.vlab.co.in/?sub=62&brch=271&sim=1387&cnt=2911',4,'http://iitg.vlab.co.in/?sub=62&brch=271&sim=1387&cnt=3387',4),(1502,'Inverse Kinematics - By Remotely Triggering Stationary Base Robot',104,'http://iitg.vlab.co.in/?sub=62&brch=271&sim=1388&cnt=2921',4,'http://iitg.vlab.co.in/?sub=62&brch=271&sim=1388&cnt=3388',4),(1503,'Online Trajectory Planning - By Remotely Triggering Stationary Base Robot',104,'http://iitg.vlab.co.in/?sub=62&brch=271&sim=1389&cnt=2935',4,'http://iitg.vlab.co.in/?sub=62&brch=271&sim=1389&cnt=2935',4),(1504,'Remotely triggered Feedback Control of Robot for Pick and Place Operation',104,'http://iitg.vlab.co.in/?sub=62&brch=271&sim=1606&cnt=3359',4,'http://iitg.vlab.co.in/?sub=62&brch=271&sim=1606&cnt=3359',4),(1505,'Remotely Triggered Trajectory Planning of Mobile Robot without Obstacles',104,'http://iitg.vlab.co.in/?sub=62&brch=271&sim=1607&cnt=3367',4,'http://iitg.vlab.co.in/?sub=62&brch=271&sim=1607&cnt=3367',4),(1506,'Remotely Triggered Trajectory Planning of Mobile Robot with Obstacles',104,'http://iitg.vlab.co.in/?sub=62&brch=271&sim=1608&cnt=3375',4,'http://iitg.vlab.co.in/?sub=62&brch=271&sim=1608&cnt=3392',4),(1507,'Robot Applications',104,'http://iitg.vlab.co.in/?sub=62&brch=271&sim=1642&cnt=3451',4,'http://iitg.vlab.co.in/?sub=62&brch=271&sim=1642&cnt=3451',4),(1508,'The Missionaries Archive',198,'http://iitg.vlab.co.in/?sub=72&brch=169&sim=1031&cnt=1869',4,'http://iitg.vlab.co.in/?pg=topMenu&id=5',4),(1509,'Ethnographic Reports',198,'http://iitg.vlab.co.in/?sub=72&brch=169&sim=1029&cnt=1875',4,'http://iitg.vlab.co.in/?pg=topMenu&id=5',4),(1510,'The Folklore and Literature Archive',198,'http://iitg.vlab.co.in/?sub=72&brch=169&sim=1033&cnt=1874',4,'http://iitg.vlab.co.in/?pg=topMenu&id=5',4),(1511,'Miscellaneous Books Archive',198,'http://iitg.vlab.co.in/?sub=72&brch=169&sim=1034&cnt=1876',4,'http://iitg.vlab.co.in/?pg=topMenu&id=5',4),(1512,'Northeast Expert Zone',198,'http://iitg.vlab.co.in/?sub=72&brch=169&sim=830&cnt=1863',4,'http://iitg.vlab.co.in/?pg=topMenu&id=5',4),(1513,'The Advertisements Archive',198,'http://iitg.vlab.co.in/?sub=72&brch=169&sim=825&cnt=1',4,'http://iitg.vlab.co.in/?pg=topMenu&id=5',4),(1514,'The Northeast Illustrated Bibliography',198,'http://iitg.vlab.co.in/?sub=72&brch=169&sim=810&cnt=1',4,'http://iitg.vlab.co.in/?pg=topMenu&id=5',4),(1515,'The Rare Periodicals Archive',198,'http://iitg.vlab.co.in/?sub=72&brch=169&sim=832&cnt=1',4,'http://iitg.vlab.co.in/?pg=topMenu&id=5',4);
/*!40000 ALTER TABLE `experiments` ENABLE KEYS */;
UNLOCK TABLES;

--
-- Table structure for table `feedback_data`
--

DROP TABLE IF EXISTS `feedback_data`;
/*!40101 SET @saved_cs_client     = @@character_set_client */;
/*!40101 SET character_set_client = utf8 */;
CREATE TABLE `feedback_data` (
  `id` int(11) NOT NULL AUTO_INCREMENT,
  `lab_id` int(11) DEFAULT NULL,
  `experiment_id` int(11) DEFAULT NULL,
  `user_name` varchar(64) DEFAULT NULL,
  `user_email` varchar(64) DEFAULT NULL,
  `user_institute` varchar(64) DEFAULT NULL,
  `time` datetime DEFAULT NULL,
  `ip` varchar(16) DEFAULT NULL,
  `type_of_user` varchar(32) DEFAULT NULL,
  `how_useful_are_labs` text,
  `suggestions_in_general` text,
  `feedback_about_experiment` text,
  `suggestions_about_experiment` text,
  `feedback_about_lab` text,
  `suggestions_about_lab` text,
  PRIMARY KEY (`id`),
  KEY `lab_id` (`lab_id`),
  KEY `experiment_id` (`experiment_id`),
  CONSTRAINT `feedback_data_ibfk_1` FOREIGN KEY (`lab_id`) REFERENCES `labs` (`id`),
  CONSTRAINT `feedback_data_ibfk_2` FOREIGN KEY (`experiment_id`) REFERENCES `experiments` (`id`)
) ENGINE=InnoDB AUTO_INCREMENT=8 DEFAULT CHARSET=latin1;
/*!40101 SET character_set_client = @saved_cs_client */;

--
-- Dumping data for table `feedback_data`
--

LOCK TABLES `feedback_data` WRITE;
/*!40000 ALTER TABLE `feedback_data` DISABLE KEYS */;
INSERT INTO `feedback_data` VALUES (1,NULL,NULL,'Anon','anon@vlabs.ac.in',NULL,'2015-10-14 11:13:50','10.100.1.7',NULL,'','test',NULL,NULL,NULL,NULL),(2,NULL,NULL,'test','test@gmail.com',NULL,'2015-10-14 11:19:51','10.100.1.7','faculty','Test','Test',NULL,NULL,NULL,NULL),(3,3,681,'yogesh','yogi@tree.com','','2015-10-14 12:56:46','10.100.1.7','student',NULL,NULL,'test','test',NULL,NULL),(4,3,NULL,'Ambika kaul','ambika@vlabs.ac.in','','2015-10-15 03:45:13','10.100.1.7','student',NULL,NULL,NULL,NULL,'','This is a test feedback'),(5,3,680,'Ambika kaul','ambika@vlabs.ac.in','','2015-10-15 03:46:45','10.100.1.7',NULL,NULL,NULL,'','Better UI perhaps.',NULL,NULL),(6,NULL,NULL,'test','test@gmail.com',NULL,'2015-10-15 04:16:28','10.100.1.7','faculty','TEst','test',NULL,NULL,NULL,NULL),(7,NULL,NULL,'scdsfv','a@b.com',NULL,'2015-10-20 09:27:13','10.100.1.7','faculty','fvev','dvfbvbrgbhr',NULL,NULL,NULL,NULL);
/*!40000 ALTER TABLE `feedback_data` ENABLE KEYS */;
UNLOCK TABLES;

--
-- Table structure for table `hosting_platforms`
--

DROP TABLE IF EXISTS `hosting_platforms`;
/*!40101 SET @saved_cs_client     = @@character_set_client */;
/*!40101 SET character_set_client = utf8 */;
CREATE TABLE `hosting_platforms` (
  `id` int(11) NOT NULL AUTO_INCREMENT,
  `name` varchar(32) NOT NULL,
  PRIMARY KEY (`id`),
  UNIQUE KEY `name` (`name`)
) ENGINE=InnoDB AUTO_INCREMENT=5 DEFAULT CHARSET=latin1;
/*!40101 SET character_set_client = @saved_cs_client */;

--
-- Dumping data for table `hosting_platforms`
--

LOCK TABLES `hosting_platforms` WRITE;
/*!40000 ALTER TABLE `hosting_platforms` DISABLE KEYS */;
INSERT INTO `hosting_platforms` VALUES (3,'AWS'),(2,'BADAL'),(4,'ELSE'),(1,'IIIT');
/*!40000 ALTER TABLE `hosting_platforms` ENABLE KEYS */;
UNLOCK TABLES;

--
-- Table structure for table `institutes`
--

DROP TABLE IF EXISTS `institutes`;
/*!40101 SET @saved_cs_client     = @@character_set_client */;
/*!40101 SET character_set_client = utf8 */;
CREATE TABLE `institutes` (
  `id` int(11) NOT NULL AUTO_INCREMENT,
  `name` varchar(128) NOT NULL,
  `institute_id` varchar(16) NOT NULL,
  `pic` varchar(128) DEFAULT NULL,
  `pic_email` varchar(128) DEFAULT NULL,
  `iic` varchar(128) DEFAULT NULL,
  `iic_email` varchar(128) DEFAULT NULL,
  PRIMARY KEY (`id`),
  UNIQUE KEY `institute_id` (`institute_id`)
) ENGINE=InnoDB AUTO_INCREMENT=13 DEFAULT CHARSET=latin1;
/*!40101 SET character_set_client = @saved_cs_client */;

--
-- Dumping data for table `institutes`
--

LOCK TABLES `institutes` WRITE;
/*!40000 ALTER TABLE `institutes` DISABLE KEYS */;
INSERT INTO `institutes` VALUES (1,'IIIT Hyderabad','iiith','Prof. Venkatesh Choppella','venkatesh.choppella@iiit.ac.in','Prof. Raghu Reddy','raghu.reddy@iiit.ac.in'),(2,'IIT Bombay','iitb','Prof. Anil Kulkarni','anil@ee.iitb.ac.in','Prof. Santosh Norohna','noronha@che.iitb.ac.in'),(3,'IIT Delhi','iitd','Prof. Ranjan Bose','rbose.iitd@gmail.com','Prof. Suresh Bhalla','sbhalla@civil.iitd.ac.in'),(4,'IIT Roorkee','iitr','Prof. Vinod Kumar','gargpfce@iitr.ernet.in','Prof Vinod Kumar','vinodfee@gmail.com'),(5,'IIT Guwahati','iitg','Prof. Ratnajit Bhattacharjee','ratnajit@iitg.ernet.in','Dr. Santosh Biswas','santosh_biswas@iitg.ernet.in'),(6,'IIT Kanpur','iitk','Prof.  Kantesh Balani','kbalani@iitk.ac.in','Prof. Kantesh Balani','kbalani@iitk.ac.in'),(7,'IIT Kharagpur','iitkgp','Prof. C S Kumar','kumar@mech.iitkgp.ernet.in',NULL,NULL),(8,'IIT Madras','iitm','Prof. P Sriram','sriram@ae.iitm.ac.in',NULL,NULL),(9,'NIT Surathkal','nitk','Prof. K V Gangadharan','kvganga@nitk.ac.in','Prof. K V Gangadharan','kvganga@nitk.ac.in'),(10,'Amrita University','amrita','Prof. Krishnashree Achuthan','krishna@amrita.edu','Prof. Shyam Diwakar','shyam.diwakar@gmail.com'),(11,'College of Engineering, Pune','coep','Prof. Sudhir Agashe','sda.instru@coep.ac.in','S. U Ghumbre','shashi.comp@coep.ac.in'),(12,'Dayalbagh Educational Institute','dei','Prof. Soami P Satsangee','deiusic@gmail.com','Rahul Swarup Sharma','rahulswarup@rediffmail.com');
/*!40000 ALTER TABLE `institutes` ENABLE KEYS */;
UNLOCK TABLES;

--
-- Table structure for table `integration_levels`
--

DROP TABLE IF EXISTS `integration_levels`;
/*!40101 SET @saved_cs_client     = @@character_set_client */;
/*!40101 SET character_set_client = utf8 */;
CREATE TABLE `integration_levels` (
  `id` int(11) NOT NULL AUTO_INCREMENT,
  `level` int(11) NOT NULL,
  PRIMARY KEY (`id`),
  UNIQUE KEY `level` (`level`)
) ENGINE=InnoDB AUTO_INCREMENT=8 DEFAULT CHARSET=latin1;
/*!40101 SET character_set_client = @saved_cs_client */;

--
-- Dumping data for table `integration_levels`
--

LOCK TABLES `integration_levels` WRITE;
/*!40000 ALTER TABLE `integration_levels` DISABLE KEYS */;
INSERT INTO `integration_levels` VALUES (1,0),(2,1),(3,2),(4,3),(5,4),(6,5),(7,6);
/*!40000 ALTER TABLE `integration_levels` ENABLE KEYS */;
UNLOCK TABLES;

--
-- Table structure for table `labs`
--

DROP TABLE IF EXISTS `labs`;
/*!40101 SET @saved_cs_client     = @@character_set_client */;
/*!40101 SET character_set_client = utf8 */;
CREATE TABLE `labs` (
  `id` int(11) NOT NULL AUTO_INCREMENT,
  `name` varchar(128) NOT NULL,
  `lab_id` varchar(16) NOT NULL,
  `institute_id` int(11) DEFAULT NULL,
  `discipline_id` int(11) DEFAULT NULL,
  `integration_level_id` int(11) DEFAULT NULL,
  `number_of_experiments` int(11) DEFAULT NULL,
  `repo_url` varchar(256) DEFAULT NULL,
  `hosted_url` varchar(256) DEFAULT NULL,
  `hosted_on_id` int(11) DEFAULT NULL,
  `type_of_lab_id` int(11) DEFAULT NULL,
  `remarks` text,
  `status` varchar(32) DEFAULT NULL,
  `is_web_2_compliant_lab` tinyint(1) DEFAULT NULL,
  `is_phase_2_lab` tinyint(1) DEFAULT NULL,
  PRIMARY KEY (`id`),
  KEY `institute_id` (`institute_id`),
  KEY `discipline_id` (`discipline_id`),
  KEY `integration_level_id` (`integration_level_id`),
  KEY `hosted_on_id` (`hosted_on_id`),
  KEY `type_of_lab_id` (`type_of_lab_id`),
  CONSTRAINT `labs_ibfk_1` FOREIGN KEY (`institute_id`) REFERENCES `institutes` (`id`),
  CONSTRAINT `labs_ibfk_2` FOREIGN KEY (`discipline_id`) REFERENCES `disciplines` (`id`),
  CONSTRAINT `labs_ibfk_3` FOREIGN KEY (`integration_level_id`) REFERENCES `integration_levels` (`id`),
  CONSTRAINT `labs_ibfk_4` FOREIGN KEY (`hosted_on_id`) REFERENCES `hosting_platforms` (`id`),
  CONSTRAINT `labs_ibfk_5` FOREIGN KEY (`type_of_lab_id`) REFERENCES `type_of_labs` (`id`)
) ENGINE=InnoDB AUTO_INCREMENT=205 DEFAULT CHARSET=latin1;
/*!40101 SET character_set_client = @saved_cs_client */;

--
-- Dumping data for table `labs`
--

LOCK TABLES `labs` WRITE;
/*!40000 ALTER TABLE `labs` DISABLE KEYS */;
INSERT INTO `labs` VALUES (1,'DS','cse01',1,6,6,NULL,'https://bitbucket.org/virtual-labs/cse01-ds_new','http://virtual-labs.ac.in/labs/cse01/',NULL,1,'Completed ','Hosted',NULL,1),(2,'Computer Programming','cse02',1,6,6,NULL,'https://bitbucket.org/virtual-labs/cse02-programming','http://virtual-labs.ac.in/labs/cse02/',NULL,1,'Completed ','Hosted',NULL,1),(3,'Problem Solving','cse04',1,6,6,NULL,'https://bitbucket.org/virtual-labs/cse04-problem_solving','http://ps-iiith.base1.vlabs.ac.in/',NULL,1,'Completed ','Hosted',NULL,1),(4,'Principles of Programming Languages','cse05',1,6,4,NULL,'https://bitbucket.org/virtual-labs/cse05-popl-vlab','http://virtual-labs.ac.in/labs/cse05/',NULL,1,'Test and deploy url should be verify from lab developer.','Hosted',NULL,NULL),(5,'Data Mining','cse06',1,6,6,NULL,'https://bitbucket.org/virtual-labs/cse06-cse06-07','http://virtual-labs.ac.in/labs/cse06/',NULL,1,'Completed ','Hosted',NULL,1),(6,'Databases','cse07',1,6,6,NULL,'https://bitbucket.org/virtual-labs/cse06-cse06-07','http://virtual-labs.ac.in/labs/cse07/',NULL,1,'Completed ','Hosted',NULL,1),(7,'Linux Lab','cse09',1,6,4,NULL,'https://bitbucket.org/virtual-labs/cse09-cse09','http://virtual-labs.ac.in/labs/cse09/',NULL,1,'Lab is not hosted manually','Hosted',NULL,1),(8,'Computer Organization','cse11',1,6,5,NULL,'https://bitbucket.org/virtual-labs/cse11-computersystemorganization','http://virtual-labs.ac.in/labs/cse11/',NULL,1,'Lab is hosted manually','Hosted',NULL,1),(9,'Advanced VLSI','cse13',1,8,6,NULL,'https://bitbucket.org/virtual-labs/cse13-advanced_vlsi','http://virtual-labs.ac.in/labs/cse13/',NULL,NULL,'Completed ','Hosted',NULL,NULL),(10,'VLSI','cse14',1,8,5,NULL,'https://bitbucket.org/virtual-labs/cse14-vlsi-lab','http://virtual-labs.ac.in/labs/cse14/',NULL,NULL,'Lab is hosted manually','Hosted',NULL,1),(11,'Digital Logic Design','cse15',1,6,6,NULL,'https://bitbucket.org/virtual-labs/cse15-repo_dld','http://virtual-labs.ac.in/labs/cse15/',NULL,1,'Completed ','Hosted',NULL,1),(12,'Speech Signal Processing (IIIT-H)','cse16',1,6,6,NULL,'https://bitbucket.org/virtual-labs/cse16-beta','http://virtual-labs.ac.in/labs/cse16/',NULL,1,'Completed ','Hosted',NULL,NULL),(13,'Mobile Robotics','cse17',1,6,6,NULL,'https://bitbucket.org/virtual-labs/cse17-final','http://virtual-labs.ac.in/labs/cse17/',NULL,1,'Completed ','Hosted',NULL,NULL),(14,'Computer Graphics','cse18',1,6,6,NULL,'https://bitbucket.org/virtual-labs/cse18-cg_vlabs','http://virtual-labs.ac.in/labs/cse18/',NULL,1,'Completed but provides java files for download','Hosted',NULL,1),(15,'Image Processing','cse19',1,6,6,NULL,'https://bitbucket.org/virtual-labs/cse19-cse19a','http://virtual-labs.ac.in/labs/cse19/',NULL,1,'Completed ','Hosted',NULL,1),(16,'Pattern Recognition','cse20',1,6,5,NULL,'https://bitbucket.org/virtual-labs/cse20-test','http://virtual-labs.ac.in/labs/cse20/',NULL,1,'Provides java files for download','Hosted',NULL,1),(17,'Artificial Neural Networks','cse22',1,6,5,NULL,'https://bitbucket.org/virtual-labs/cse22-beta','http://virtual-labs.ac.in/labs/cse22/',NULL,1,'Lab is hosted manually','Hosted',NULL,1),(18,'Natural Language Processing','cse24',1,6,5,NULL,'https://bitbucket.org/virtual-labs/cse24-nlp-vlab2','http://virtual-labs.ac.in/labs/cse24/',NULL,1,'Lab is hosted manually','Hosted',1,NULL),(19,'Cryptography','cse29',1,6,6,NULL,'https://bitbucket.org/virtual-labs/cse29-cse29','http://virtual-labs.ac.in/labs/cse29/',NULL,1,'Completed','Hosted',NULL,1),(20,'Analog CMOS VLSI Circuit Design','cse30',1,8,5,NULL,'https://bitbucket.org/virtual-labs/cse30-test1','http://virtual-labs.ac.in/labs/cse30/',NULL,NULL,'Lab is hosted manually','Hosted',NULL,NULL),(21,'Electro Magnetic Theory','emt',1,8,5,NULL,'https://bitbucket.org/virtual-labs/emt-emt_new','http://virtual-labs.ac.in/labs/emt',NULL,1,'Lab is hosted manually','Hosted',NULL,1),(22,'Basic Engineering Mechanics and Strength of Materials','eerc01',1,5,5,NULL,'https://bitbucket.org/virtual-labs/eerc01-cevl','http://virtual-labs.ac.in/labs/eerc01',NULL,1,'Java view of experiments not working properly','Hosted',NULL,1),(23,'Soil Mechanics','eerc02',1,5,5,NULL,'https://bitbucket.org/virtual-labs/eerc02-cevl1','http://virtual-labs.ac.in/labs/eerc02',NULL,1,'Java view of experiments not working properly','Hosted',NULL,NULL),(24,'Hydraulics and Fluid Mechanics','eerc03',1,5,5,NULL,'https://bitbucket.org/virtual-labs/eerc03-cevl2','http://virtual-labs.ac.in/labs/eerc03',NULL,1,'Java view of experiments not working properly','Hosted',NULL,1),(25,'Basic Structural Analysis','eerc04',1,5,5,NULL,'https://bitbucket.org/virtual-labs/eerc04-cevl3','http://virtual-labs.ac.in/labs/eerc04',NULL,1,'Java view of experiments not working properly','Hosted',NULL,NULL),(26,'Molecular Fluorescence Spectroscopy','ccnsb01',1,4,6,NULL,'https://bitbucket.org/virtual-labs/ccnsb01-repo_lab_1','http://deploy.virtual-labs.ac.in/labs/ccnsb01/index.html',NULL,1,'Completed','Hosted',NULL,NULL),(27,'Colloid and Surface Chemistry','ccnsb02',1,4,6,NULL,'https://bitbucket.org/virtual-labs/ccnsb02-repo_lab2_mod','http://virtual-labs.ac.in/labs/ccnsb02/',NULL,1,'Completed','Hosted',NULL,NULL),(28,'Molecular Absorption Spectroscopy','ccnsb03',1,4,6,NULL,'https://bitbucket.org/virtual-labs/ccnsb03-repo_lab3_mod','http://virtual-labs.ac.in/labs/ccnsb03/',NULL,1,'Completed','Hosted',NULL,NULL),(29,'Quantum Chemistry','ccnsb04',1,4,6,NULL,'https://bitbucket.org/virtual-labs/ccnsb04-repo','http://virtual-labs.ac.in/labs/ccnsb04/',NULL,1,'Completed','Hosted',NULL,NULL),(30,'Circular Dichroism Spectroscopy','ccnsb05',1,4,6,NULL,'https://bitbucket.org/virtual-labs/ccnsb05-repo_cd_4','http://virtual-labs.ac.in/labs/ccnsb05/',NULL,1,'Completed','Hosted',NULL,NULL),(31,'Physical Chemistry (IIIT-H)','ccnsb06',1,4,5,NULL,'https://bitbucket.org/virtual-labs/ccnsb06-apc_new','http://virtual-labs.ac.in/labs/ccnsb06/',NULL,1,'Lab is hosted manually','Hosted',NULL,1),(32,'Molecular Interactions','ccnsb07',1,4,6,NULL,'https://bitbucket.org/virtual-labs/ccnsb07-ccnsb07','http://virtual-labs.ac.in/labs/ccnsb07/',NULL,1,'None','Hosted',NULL,NULL),(33,'Physical Sciences','phy14',1,4,5,NULL,'https://bitbucket.org/virtual-labs/phy14-physc/','http://deploy.virtual-labs.ac.in/labs/phy14/',NULL,1,'This lab is listed twice on vlab.co.in','Hosted',NULL,1),(34,'FPGA and Embedded System Lab','cse12',11,6,7,NULL,'https://github.com/Virtual-Labs/fpga-and-embedded-systems-lab-coep',NULL,NULL,1,'New hosted url is having some issue, so redirecting to old url ;hosted_url: ; ','Hosted',NULL,1),(35,'Biomedical and Signal Processing Laboratory','bio16',11,2,7,NULL,'https://github.com/Virtual-Labs/bio-medical-and-signal-processing-laboratory-coep','http://bmsp-coep.vlabs.ac.in/',NULL,1,'Hosted with simulation on vlab.co.in.\r\nTest and deploy url needs to be verified.','Hosted',1,1),(36,'Hybrid Electronics','ece19',11,7,7,NULL,'https://github.com/Virtual-Labs/hybrid-electronics-lab-coep','http://he-coep.vlabs.ac.in/index.html#',NULL,1,'Hosted with simulation on vlab.co.in \n\n','Hosted',1,1),(37,'Sensors Modeling and Simulation','eee05',11,7,7,NULL,'https://github.com/Virtual-Labs/sensor-laboratory-coep','http://sl-coep.vlabs.ac.in/',NULL,1,'None','Hosted',1,1),(38,'Industrial Automation Laboratory','eee09',11,7,7,NULL,'https://github.com/Virtual-Labs/industrial-automation-laboratory-coep','http://ial-coep.vlabs.ac.in/',NULL,1,'None','Hosted',1,1),(39,'Electrical Machines','eee10',11,7,7,NULL,'https://github.com/Virtual-Labs/electrical-machines-coep','http://em-coep.vlabs.ac.in/',NULL,1,'\r\n\r\nTest and deploy url needs to be verified from lab developer.','Hosted',1,1),(40,'PLC','eee12',11,7,7,NULL,'https://github.com/Virtual-Labs/programmable-logic-controller-coep','http://plc-coep.vlabs.ac.in/',NULL,1,'Completed','Hosted',1,1),(41,'Vibration and Acoustics Lab','mech04',11,10,7,NULL,'https://github.com/Virtual-Labs/vibration-and-acoustics-coep','http://va-coep.vlabs.ac.in/',NULL,1,NULL,'Hosted',1,1),(42,'Micromachining Laboratory','mech17',11,10,7,NULL,'https://github.com/Virtual-Labs/micro-machining-laboratory-coep','http://mm-coep.vlabs.ac.in/',NULL,1,'Not hosted on IIIT server.','Hosted',1,1),(43,'Fab Laboratory','mech18',11,10,7,NULL,'https://github.com/Virtual-Labs/fab-laboratory-coep','http://fab-coep.base1.vlabs.ac.in/',NULL,1,'Not hosted on IIIT server.','Hosted',NULL,1),(44,'Virtual Lab for Mass Transfer','che02',5,3,2,NULL,'https://bitbucket.org/virtual-labs/che02-che02','http://iitg.vlab.co.in/?sub=58',NULL,1,'Experiment names provide exe downloads','Hosted',NULL,NULL),(45,'Speech Signal Processing (IIT-G)','ece01',5,8,7,NULL,'https://github.com/Virtual-Labs/speech-signal-processing-laboratory-iitg',NULL,NULL,1,'Test and deploy url needs to be verify from lab developer. ;hosted_url: ; ','Hosted',NULL,1),(46,'Digital VLSI Design Virtual Lab','ece05',5,8,6,NULL,'https://bitbucket.org/virtual-labs/ece05-vlsi_vlab','http://deploy.virtual-labs.ac.in/labs/ece05/',NULL,1,'Completed, Hosted on IIIT server','Hosted',NULL,NULL),(47,'Signals and Systems Laboratory','ece10',5,8,7,NULL,'https://github.com/Virtual-Labs/signals-and-systems-laboratory-iitg',NULL,NULL,1,'Hosted on Amrita, labview files provided as downloads ;hosted_url: ; ','Hosted',NULL,1),(48,'Electrical Machines Laboratory','eee02',5,8,7,NULL,'https://github.com/Virtual-Labs/electrical-machines-iitg','http://vem-iitg.vlabs.ac.in/',NULL,1,'Simulations need flash, Sources are not versioned and structured, dependencies are not provided by lab developer ;is_deployed: On Amrita; ','Hosted',NULL,1),(49,'Electronic Instrumentation','eee03',5,7,2,NULL,'https://bitbucket.org/virtual-labs/eee03-eee03','http://iitg.vlab.co.in/?sub=61&brch=174',NULL,1,'Need to download .rar files for siumulations, labview files provided as downloads ;sources_available: Partially Available;  ;is_deployed: On Amrita;  ;is_content_avail: Yes, On Amrita; ','Hosted',NULL,NULL),(50,'Creative Design, Prototyping and Experiential Simulation Lab','hss01',5,13,4,NULL,'https://bitbucket.org/virtual-labs/hss01-hss01','http://iitg.vlab.co.in/?sub=72&brch=170',NULL,1,'Simulations not showing up since bzr to git migration of sources','Hosted',NULL,NULL),(51,'Virtual English and Communication Lab','hss02',5,9,7,NULL,'https://github.com/Virtual-Labs/virtual-english-iitg','http://ve-iitg.vlabs.ac.in/',NULL,1,'Test and deploy url needs to be verified from lab developer.','Hosted',NULL,1),(52,'Virtual Anthropology Lab','hss03',5,9,7,NULL,NULL,'http://anthropology-iitg.vlabs.ac.in/',NULL,1,'Test and deploy url needs to be verified from lab developer.','Hosted',NULL,1),(53,'Virtual Laboratory Experience in Fluid and Thermal Sciences','mech01',5,10,2,NULL,'https://bitbucket.org/virtual-labs/mech01-mech01','http://iitg.vlab.co.in/?sub=62&brch=176',NULL,1,'Windows based lab ;is_simulation_avail: Yes, requires .exe files for experiments; ','Hosted',NULL,NULL),(54,'Systems, Communication and Control Laboratory','ece11',5,8,6,NULL,'https://bitbucket.org/virtual-labs/ece11-ece11','http://deploy.virtual-labs.ac.in/labs/ece11',NULL,3,'Only 4 experiments out of 10 experiment sources available ;sources_available: Partially Available; ','Hosted',NULL,NULL),(55,'Virtual Queuing Networks Modelling','ece21',3,8,4,NULL,'https://bitbucket.org/virtual-labs/ece21-ece21','http://iitd.vlab.co.in/?sub=65&brch=182',NULL,1,'Test and deploy url needs to be verified - http://test.virtual-labs.ac.in/labs/ece21/','Hosted ',NULL,NULL),(56,'Virtual Power Electronics and Electric Drives Lab','eee07',3,7,1,NULL,'https://bitbucket.org/virtual-labs/eee07-eee07','http://iitd.vlab.co.in/index.php?sub=67&brch=185',NULL,1,'Lab is hosted on vlab.co.in. Sources are not versioned and structured, dependencies are not provided by lab developer','Hosted',NULL,NULL),(57,'Virtual Smart Structures and Dynamics Lab','civil16',3,5,6,NULL,'https://bitbucket.org/virtuallabs/civil16-civil16','http://deploy.virtual-labs.ac.in/labs/civil16/',NULL,2,'completed','Hosted',NULL,NULL),(58,'Wireless Lab','ece09',3,8,2,NULL,'https://bitbucket.org/virtual-labs/ece09-ece09/src','http://118.102.191.41/experiments.php',NULL,2,'None','Hosted',NULL,NULL),(59,'Virtual Microwave and Antenna Lab','ece22',3,8,1,NULL,NULL,'http://iitd.vlab.co.in/?sub=65&brch=183',NULL,2,'Lab is hosted on vlab.co.in.\nsources not available','Hosted',NULL,NULL),(60,'FPGA and Digital Design','ece28',3,8,1,NULL,'https://bitbucket.org/virtual-labs/ece28-ece28','http://iitd.vlab.co.in/index.php?sub=66&brch=184',NULL,2,'Link not working but hosted on vlab.co.in.\n\nsources partially available','Hosted',NULL,NULL),(61,'Carpet Analysis','txtl01',3,12,1,NULL,'https://bitbucket.org/virtual-labs/txtl01-txtl01/src',NULL,NULL,2,'Lab not hosted ;hosted_url: Unknown; ','Not Hosted',NULL,NULL),(62,'Unit Operations, Reaction Engineering and Process Control','chem05',9,4,6,NULL,'https://bitbucket.org/virtual-labs/chem05-nitk','http://solve.nitk.ac.in/index.php?option=com_content&view=category&id=61&Itemid=98',NULL,1,'Completed','Hosted',NULL,NULL),(63,'Strength of Materials and Fluid Mechanics','civil07',9,5,6,NULL,'https://bitbucket.org/virtual-labs/chem05-nitk','http://solve.nitk.ac.in/index.php?option=com_content&view=section&id=14&Itemid=77',NULL,1,'Completed','Hosted',NULL,NULL),(64,'Industrial Electric Drives and Application of PLC','eee08',9,7,2,NULL,'https://bitbucket.org/virtual-labs/chem05-nitk','http://solve.nitk.ac.in/index.php?option=com_content&view=category&id=63:industrial-electric-drives&Itemid=103&layout=default',NULL,1,'None','Hosted',NULL,NULL),(65,'Mechanics of Machine','mech05',9,10,6,NULL,'https://bitbucket.org/virtual-labs/chem05-nitk','http://solve.nitk.ac.in/index.php?option=com_content&view=article&id=150&Itemid=97',NULL,1,'Completed','Hosted',NULL,NULL),(66,'Machine Dynamics and Mechanical Vibrations','mech21',9,10,6,NULL,'https://bitbucket.org/virtual-labs/chem05-nitk','http://solve.nitk.ac.in/index.php?option=com_content&view=article&id=149&Itemid=96',NULL,1,'Completed','Hosted',NULL,NULL),(67,'Chemical Engineering','chem01',2,4,5,NULL,'https://bitbucket.org/virtual-labs/chem01-vlabs','http://iitb.vlab.co.in/?sub=8&brch=116',NULL,1,'Hosted on IIT-Bomabay\'s local server, not ported to IIIT-H server due to some technical issues. ','Hosted',NULL,NULL),(68,'Traffic Engineering','civil09',2,5,5,NULL,'https://bitbucket.org/virtual-labs/civil09-trafficengg','http://iitb.vlab.co.in/?sub=42&brch=132',NULL,NULL,'None','Hosted',NULL,NULL),(69,'Virtual Satellite Image Processing and Analysis','civil11',2,5,1,NULL,'https://bitbucket.org/virtual-labs/civil11-repo','http://civil11.virtual-labs.ac.in/siplabs/',NULL,1,'Lab hosted on IIT-B\'s local server, not ported to IIIT-H server. Sources are not versioned and structured, dependencies are not provided.','Hosted',NULL,NULL),(70,'Urban Transportation Systems Planning','civil13',2,5,2,NULL,'https://bitbucket.org/virtual-labs/civil13-utspvleadrepo','http://deploy.virtual-labs.ac.in/labs/civil13/',NULL,1,'DNC indicates incomplete, Needs login to view experiments','Hosted',NULL,NULL),(71,'Ultrafast Laser Spectroscopy','chs13',6,4,7,NULL,'https://github.com/Virtual-Labs/ultra-fast-laser-spectroscopy-iitk','http://ufls-iitk.vlabs.ac.in/',NULL,1,'labview simulations ','Hosted',NULL,1),(72,'Transducer and Instrumentation Virtual Lab','ece03',6,8,7,NULL,'https://github.com/Virtual-Labs/transducers-and-instrument-vlab-iitk',NULL,NULL,1,'mysql file not provided, login unsucessful ;hosted_url: ; ','Hosted',NULL,1),(73,'RF Microwave Characterization Lab','ece18',6,8,2,NULL,'https://bitbucket.org/virtual-labs/ece18-ece18','http://www.iitk.ac.in/mimt_lab/vlab/index.php',NULL,1,'labview simulations ','Hosted',NULL,NULL),(74,'Material Response to Microstructural, Mechanical, Thermal and Biological Stimuli','mech08',6,10,7,NULL,'https://bitbucket.org/virtual-labs/mech08-mech08-latest','http://iitk.vlab.co.in/index.php?sub=32&brch=90',NULL,1,'Sources are not versioned and structured, dependencies are not provided','Hosted',1,1),(75,'Virtual Astrophysics Lab','phy01',6,11,7,NULL,'https://github.com/Virtual-Labs/virtual-astrophysics-lab-iitk',NULL,NULL,1,'Needs Stellarium for running the experiments ;hosted_url: ; ','Hosted',1,1),(76,'Virtual Laboratory on Oscillations','phy19',6,11,7,NULL,'https://github.com/Virtual-Labs/oscillations-lab-iitk',NULL,NULL,1,'exe\'s provided as downloads ;hosted_url: ; ','Hosted',NULL,1),(77,'Virtual Microwave Laboratory','phy12',12,11,7,NULL,'https://github.com/Virtual-Labs/virtual-microwave-laboratory-dei','http://websupplements.net/projects/virtual_labs/',NULL,1,'Sources are not versioned and structured, dependencies are not provided by lab developer','Hosted',NULL,1),(78,'Virtual Advanced Lab for Interactive Design and Test in Electronics','ece26',12,8,7,NULL,'https://github.com/Virtual-Labs/evalidate-dei',NULL,NULL,1,'Not Hosted on IIIT Server ;hosted_url: ; ','Hosted',NULL,1),(79,'Analytical Lab','chs14',12,4,1,NULL,'https://bitbucket.org/virtual-labs/chs14-chs14/src','http://220.227.100.58/',NULL,2,'Not Hosted on IIIT Server','Hosted',NULL,NULL),(80,'Digital Electronics','ece23',4,8,1,NULL,NULL,NULL,NULL,2,'Sources not available, This lab is not listed on vlab.co.in. ;hosted_url: Unknown; ','Not Hosted',NULL,NULL),(81,'Power Electronics','eee01',4,7,1,NULL,NULL,NULL,NULL,2,'Sources not available, Will again check links after some time to get latest information. ;hosted_url: Unknown; ','Not Hosted',NULL,NULL),(82,'Geotechnical Engineering Lab','eerc05',1,5,5,NULL,'https://bitbucket.org/virtuallabs/eerc05-mevl','http://virtual-labs.ac.in/labs/eerc05',NULL,1,'Java view of experiments not working properly','Hosted',NULL,NULL),(83,'Remote Triggered Fiber Optics Communication Lab','ece29',5,8,1,NULL,NULL,'http://iitg.vlab.co.in/?sub=59&brch=269',NULL,2,'lab id and sources not available','Hosted',NULL,NULL),(84,'Electro Mechanical Conversion','ee27',5,7,1,NULL,NULL,'http://iitg.vlab.co.in/?sub=61&brch=293',NULL,2,'lab id and sources not available ;is_content_avail: Yes, On Amrita; ','Hosted',NULL,NULL),(85,'Technology CAD (TCAD) Laboratory','ece32',7,8,1,NULL,NULL,'http://iitkgp.vlab.co.in/?sub=37&brch=113',NULL,NULL,'lab id and sources are not available . Also content is not available on hosted url','Hosted',NULL,NULL),(86,'Fading Channels and Mobile Communications','ece33',7,8,1,NULL,NULL,'http://iitkgp.vlab.co.in/?sub=37&brch=115',NULL,NULL,'lab id and sources are not available. Also content is not available on hosted url','Hosted',NULL,NULL),(87,'Soft Computing Tools in Engineering','civil18',7,5,1,NULL,NULL,'http://iitkgp.vlab.co.in/?sub=36&brch=108',NULL,NULL,'Lab id and sources are not available. Also content is not available on hosted url','Hosted',NULL,NULL),(88,'Analog Signals, Network and Measurement Laboratory','ee31',7,7,1,NULL,NULL,'http://iitkgp.vlab.co.in/?sub=39&brch=124',NULL,1,'lab id and sources are not available','Hosted',NULL,NULL),(89,'Real Time Embedded Systems Laboratory','ee29',7,7,1,NULL,NULL,'http://iitkgp.vlab.co.in/?sub=39&brch=125',NULL,1,'lab id and sources are not available','Hosted',NULL,NULL),(90,'Kinematics and Dynamics of Mechanisms','mech42',7,10,1,NULL,NULL,'http://vls1.iitkgp.ernet.in/vls_web/',NULL,1,'Lab id and sources are not available. JAVA applets hosted on webserver and some applets sending images to server that manage by tomcat web server. MySQL required for feedback collection and users regi','Hosted',NULL,NULL),(91,'Model Based Fault Detection Lab','mech47',7,10,1,NULL,NULL,NULL,NULL,NULL,'Redirects to the same page, lab id and sources are not available ;hosted_url: Unknown; ','Not Hosted',NULL,NULL),(92,'Robotics Simulation Lab','mech28',7,10,1,NULL,NULL,'http://iitkgp.vlab.co.in/?sub=40&brch=129',NULL,NULL,'lab id and sources are not available','Not Hosted',NULL,NULL),(93,'Virtual Lab for Multiphase Flow','mech32',7,NULL,1,NULL,NULL,NULL,NULL,NULL,'Redirects to the same page, lab id and sources are not available ;hosted_url: Unknown; ','Not Hosted',NULL,NULL),(94,'Condition Monitoring and Fault Simulation Lab','mech31',7,NULL,1,NULL,NULL,NULL,NULL,NULL,'Redirects to the same page, lab id and sources are not available ;hosted_url: Unknown; ','Not Hosted',NULL,NULL),(95,'Mechanical Systems and Signal Processing','mech30',7,NULL,1,NULL,NULL,NULL,NULL,NULL,'Redirects to the same page, lab id and sources are not available ;hosted_url: Unknown; ','Not Hosted',NULL,NULL),(96,'Mine Automation and Virtual Reality','mech27',7,10,1,NULL,NULL,'http://iitkgp.vlab.co.in/?sub=40&brch=137',NULL,1,'lab id and sources are not available','Hosted',NULL,NULL),(97,'Chemical Process Dynamics','chem-engg01',7,3,1,NULL,NULL,'http://iitkgp.vlab.co.in/?sub=35&brch=107',NULL,1,'lab_d and sources are not available','Hosted',NULL,NULL),(98,'Virtual High Voltage Lab','ee26',7,NULL,1,NULL,NULL,'http://vlab-ee1.iitkgp.ernet.in/reg.jsp',NULL,1,'Login Required, lab id and sources are not available','Hosted',NULL,NULL),(99,'Basic Electrical and Electronics Lab','ee25',7,7,1,NULL,NULL,'http://basicelectronics.iitkgp.ernet.in/',NULL,4,'Lab id and sources are not available','Hosted',NULL,NULL),(100,'Microelectronics and VLSI Engineering','ece30',7,8,1,NULL,NULL,'http://iitkgp.vlab.co.in/?sub=37&brch=110',NULL,4,'lab id and sources are not available','Hosted',NULL,NULL),(101,'Mechanisms and Robotics Lab','mech29',7,10,1,NULL,NULL,'http://vlabs.iitkgp.ernet.in/',NULL,4,'Link not working, lab id and sources are not available','Hosted',NULL,NULL),(102,'Machinery Health Assessment Lab','mech34',7,NULL,1,NULL,NULL,NULL,NULL,4,'Redirects to the same page, lab id and sources are not available ;hosted_url: Unknown; ','Not Hosted',NULL,NULL),(103,'Virtual Lab for Mechanical Vibrations','mech33',5,10,1,NULL,NULL,'http://iitg.vlab.co.in/?sub=62&brch=175',NULL,1,'Inside this lab link, two more remote triggered labs (Experience in Fluid and Thermal Sciences and Robotics Lab) containing 13 and 8 experiments respectively were found,  all hosted on Amrita ','Hosted',NULL,NULL),(104,'Virtual Robotics Lab','mech35',5,10,1,NULL,NULL,'http://iitg.vlab.co.in/?sub=62&brch=271',NULL,2,'Needs .SWF files for experiments, lab id and sources are not available','Hosted',NULL,NULL),(105,'Hydrodynamics and Transport phenomena in Packed Bed and Heat Exchangers','chem-engg02',5,3,1,NULL,NULL,NULL,NULL,NULL,'No information received regarding this lab from institute, lab id and sources are not available ;hosted_url: Link given on vlab.co.in is redirecting to same index page for this lab;  ;is_simulation_avail: Unable to view the simulation (Lab\'s link redirecting to same page only); ','Not Hosted',NULL,NULL),(106,'Structural Engineering Lab','civil17',8,5,1,NULL,NULL,NULL,NULL,NULL,'Lab is redirecting to the same page ;hosted_url: Unknown; ','Not Hosted',NULL,NULL),(107,'Electrical Machines, Power Electronics and Drives, Power Systems and Instrumentation','ee28',8,7,1,NULL,NULL,NULL,NULL,NULL,'Lab is redirecting to the same page ;hosted_url: Unknown; ','Not Hosted',NULL,NULL),(108,'Virtual Circuits Laboratory','ece31',8,8,1,NULL,NULL,NULL,NULL,NULL,'Lab is redirecting to same index page ;hosted_url: Unknown; ','Not Hosted',NULL,NULL),(109,'Virtual and Remote Robotic and Mechatronic Laboratory','mech36',8,10,1,NULL,NULL,NULL,NULL,4,'Lab is redirecting to same index page ;hosted_url: Unknown; ','Not Hosted',NULL,NULL),(110,'VLSI Design and Verification','ece39',2,8,1,NULL,NULL,'http://vlab.co.in/institute_detail.php?ins=003',NULL,NULL,'DNC indicates incomplete, lab id and sources are not available ;hosted_url: Link is redirecting to http://vlab.co.in/institute_detail.php?ins=003 , Unable to view the lab','Not Hosted',NULL,NULL),(111,'Virtual Proteomics Laboratory','biotech25',2,2,1,NULL,NULL,'http://iitb.vlab.co.in/?sub=41&brch=118',NULL,2,'Flash based, Needs to be ported to PHP or HTML5. lab id and sources are not available','Hosted',NULL,NULL),(112,'Single Board Heater System','ee32',2,7,1,NULL,NULL,'http://vlabs.iitb.ac.in/sbhs/',NULL,4,'Login not working, lab id and sources are not available','Hosted',NULL,NULL),(113,'Power Systems Lab','ee33',2,7,1,NULL,NULL,NULL,NULL,4,'lab id and sources are not available ;hosted_url: Link is not working; ','Not Hosted',NULL,NULL),(114,'Bioinformatics Virtual Lab I','biotech08',10,2,2,NULL,NULL,'http://amrita.vlab.co.in/index.php?sub=3&brch=273',NULL,NULL,'Sources not available','Hosted',NULL,NULL),(115,'Virtual Optics Lab','phy-sc20',10,11,1,NULL,NULL,'http://amrita.vlab.co.in/?sub=1&brch=281',NULL,NULL,'Completed, sources not available','Hosted',NULL,NULL),(116,'Solid State Physics Virtual Lab','phy-sc21',10,11,1,NULL,NULL,'http://amrita.vlab.co.in/?sub=1&brch=282',NULL,NULL,'None','Hosted',NULL,NULL),(117,'Bioinformatics Virtual Lab II','biotech09',10,2,1,NULL,NULL,'http://amrita.vlab.co.in/index.php?sub=3&brch=275',NULL,NULL,'None','Hosted',NULL,NULL),(118,'Bioinformatics Virtual Lab III','biotech10',10,2,1,NULL,NULL,'http://amrita.vlab.co.in/index.php?sub=3&brch=275',NULL,NULL,'Completed','Hosted',NULL,NULL),(119,'Systems Biology Virtual Lab','biotech07',10,2,1,NULL,NULL,'http://amrita.vlab.co.in/index.php?sub=3&brch=276',NULL,NULL,'Completed','Hosted',NULL,NULL),(120,'Computer-Aided Drug Design Virtual Lab','biotech06',10,2,1,NULL,NULL,'http://amrita.vlab.co.in/index.php?sub=3&brch=277',NULL,NULL,'Completed','Hosted',NULL,NULL),(121,'Ecology Virtual Lab','biotech05',10,2,1,NULL,NULL,'http://amrita.vlab.co.in/index.php?sub=3&brch=272',NULL,NULL,'Completed','Hosted',NULL,NULL),(122,'Biological Image processing Virtual Lab','biotech04',10,2,1,NULL,NULL,'http://amrita.vlab.co.in/index.php?sub=3&brch=278',NULL,NULL,'Completed','Hosted',NULL,NULL),(123,'Bio-inspired Robotics Virtual Lab (Remote Triggered)','biotech11',10,2,1,NULL,NULL,'http://amrita.vlab.co.in/index.php?sub=3&brch=257',NULL,2,'sources not available','Hosted',NULL,NULL),(124,'Virtual Biophysics Lab (Remote Triggered)','biotech12',10,2,1,NULL,NULL,'http://amrita.vlab.co.in/index.php?sub=3&brch=258',NULL,2,'sources not available','Hosted',NULL,NULL),(125,'Neurophysiology (pilot)','biotech20',10,2,1,NULL,NULL,'http://amrita.vlab.co.in/?sub=3&brch=43',NULL,NULL,'sources not available','Hosted',NULL,NULL),(126,'Neuron Simulation Lab (pilot)','biotech19',10,2,1,NULL,NULL,'http://amrita.vlab.co.in/?sub=3&brch=212',NULL,NULL,'Completed','Hosted',NULL,NULL),(127,'Biochemistry Virtual Lab I','biotech01',10,2,1,NULL,NULL,'http://amrita.vlab.co.in/?sub=3&brch=63',NULL,NULL,'sources not available','Hosted',NULL,NULL),(128,'Biochemistry Virtual Lab II','biotech02',10,2,1,NULL,NULL,'http://amrita.vlab.co.in/?sub=3&brch=64',NULL,NULL,'sources not available','Hosted',NULL,NULL),(129,'Population Ecology Virtual Lab I','biotech18',10,2,7,NULL,'https://github.com/Virtual-Labs/population-ecology-virtual-lab-i-au','http://pev-au.vlabs.ac.in/',NULL,1,'Completed','Hosted',NULL,1),(130,'Population Ecology Virtual Lab II','biotech17',10,2,7,NULL,'https://github.com/Virtual-Labs/population-ecology-virtual-lab-ii-au','http://pevii-au.vlabs.ac.in/',NULL,1,NULL,'Hosted',NULL,1),(131,'Immunology Virtual Lab I','biotech16',10,2,1,NULL,NULL,'http://amrita.vlab.co.in/?sub=3&brch=69',NULL,NULL,'Simulations not available, sources not available','Hosted',NULL,NULL),(132,'Immunology Virtual Lab II','biotech15',10,2,1,NULL,NULL,'http://amrita.vlab.co.in/?sub=3&brch=70',NULL,NULL,'sources not available','Hosted',NULL,NULL),(133,'Microbiology Virtual Lab I','biotech14',10,2,1,NULL,NULL,'http://amrita.vlab.co.in/?sub=3&brch=73',NULL,NULL,'Simulations available only for 4 experiments, sources not available','Hosted',NULL,NULL),(134,'Microbiology Virtual Lab II','biotech13',10,2,1,NULL,NULL,'http://amrita.vlab.co.in/?sub=3&brch=73',NULL,NULL,'Simulation available only for 1 experiment, sources not available','Hosted',NULL,NULL),(135,'Molecular biology Virtual Lab I','biotech03',10,2,1,NULL,NULL,'http://amrita.vlab.co.in/?sub=3&brch=73',NULL,NULL,'Simulation available only for 2 experiments, sources not available','Hosted',NULL,NULL),(136,'Molecular biology Virtual Lab II','biotech21',10,2,1,NULL,NULL,'http://amrita.vlab.co.in/?sub=3&brch=76',NULL,NULL,'Simulation available only for 4 experiments, sources not available','Hosted',NULL,NULL),(137,'Cell biology Virtual Lab I','biotech22',10,2,1,NULL,NULL,'http://amrita.vlab.co.in/?sub=3&brch=187',NULL,NULL,'Simulation available for 4 experiments, sources not available','Hosted',NULL,NULL),(138,'Cell biology Virtual Lab II','biotech23',10,2,1,NULL,NULL,'http://amrita.vlab.co.in/?sub=3&brch=188',NULL,NULL,'Simulation available only for 3 experiments, sources not available','Hosted',NULL,NULL),(139,'Virtual Mechanics Lab/Nonlinear Dynamics','phy-sc22',10,11,1,NULL,NULL,'http://amrita.vlab.co.in/?sub=1&brch=68',NULL,NULL,'No content present on the site, sources not available','Hosted',NULL,NULL),(140,'Virtual Advanced Mechanics Lab','phy-sc23',10,11,1,NULL,NULL,'http://amrita.vlab.co.in/?sub=1&brch=74',NULL,NULL,'None','Hosted',NULL,NULL),(141,'Laser Optics Virtual Lab','phy-sc24',10,11,1,NULL,NULL,'http://amrita.vlab.co.in/?sub=1&brch=189',NULL,NULL,'None','Hosted',NULL,NULL),(142,'Virtual Electricity and Magnetism Lab','phy-sc25',10,11,1,NULL,NULL,'http://amrita.vlab.co.in/?sub=1&brch=192',NULL,NULL,'Hosted on Amrita','Hosted',NULL,NULL),(143,'Virtual Heat and Thermodynamics Lab','phy-sc26',10,11,1,NULL,NULL,'http://amrita.vlab.co.in/?sub=1&brch=194',NULL,NULL,'None','Hosted',NULL,NULL),(144,'Virtual Modern Physics Lab','phy-sc27',10,11,1,NULL,NULL,'http://amrita.vlab.co.in/?sub=1&brch=195',NULL,NULL,'None','Hosted',NULL,NULL),(145,'Virtual Harmonic Motion and Waves Lab','phy-sc28',10,11,1,NULL,NULL,'http://amrita.vlab.co.in/?sub=1&brch=201',NULL,NULL,'None','Hosted',NULL,NULL),(146,'Virtual Physical Energy and Materials Science Lab','phy-sc29',10,11,1,NULL,NULL,'http://amrita.vlab.co.in/?sub=1&brch=202',NULL,NULL,'sources not available, content not there on hosted url','Not Hosted',NULL,NULL),(147,'Physical Chemistry(Amrita)','chem06',10,4,1,NULL,NULL,'http://amrita.vlab.co.in/?sub=2&brch=190',NULL,NULL,'Completed','Hosted',NULL,NULL),(148,'Organic Chemistry','chem07',10,4,1,NULL,NULL,'http://amrita.vlab.co.in/?sub=2&brch=191',NULL,1,'simulation available only for 3 labs','Hosted',NULL,NULL),(149,'Inorganic Chemistry','chem09',10,4,1,NULL,NULL,'http://amrita.vlab.co.in/?sub=2&brch=193',NULL,1,'Simulation available only for 5 experiments','Hosted',NULL,NULL),(150,'Electrochemistry','chem08',10,4,1,NULL,NULL,'http://amrita.vlab.co.in/?sub=2&brch=200',NULL,NULL,'sources not available, content not there on hosted url','Not Hosted',NULL,NULL),(151,'Virtual Wireless and Security','cse31',10,6,1,NULL,NULL,'http://vlab.co.in/institute_detail.php?ins=009',NULL,NULL,'link redirecting to same page','Not Hosted',NULL,NULL),(152,'Advanced Geotechnical Lab','civil19',6,5,1,NULL,NULL,NULL,NULL,NULL,'lab id and sources not available ;hosted_url: Unknown; ','Not Hosted',NULL,NULL),(153,'Acoustics Virtual Lab','mech37',6,10,1,NULL,NULL,NULL,NULL,NULL,'lab id and sources not available ;hosted_url: Unknown; ','Not Hosted',NULL,NULL),(154,'General Purpose Production Shop Simulation Lab','mech38',6,10,1,NULL,NULL,'http://gssl.iitk.ac.in/pssl/',NULL,NULL,'lab id and sources not available','Hosted',NULL,NULL),(155,'Mechatronics Lab','mech39',6,10,1,NULL,NULL,NULL,NULL,NULL,'lab id and sources not available ;hosted_url: Unknown; ','Not Hosted',NULL,NULL),(156,'Nanocomposite, Fabrication, Biomaterials and Signal Processing Laboratory','mech40',6,10,1,NULL,NULL,'http://www.iitk.ac.in/biomaterialslab/virtuallab.html',NULL,NULL,'Unable to access experiments, lab id and sources are also not available','Hosted',NULL,NULL),(157,'Virtual Combustion and Atomization Laboratory','mech48',6,10,7,NULL,'https://github.com/Virtual-Labs/virtual-combustion-and-automization-lab-iitk','http://vcal-iitk.vlabs.ac.in/',NULL,1,'Link redirecting to the same index page, lab id  and sources not available','Not Hosted',NULL,1),(158,'Manufacturing Laboratory','mech41',6,10,1,NULL,NULL,NULL,NULL,NULL,'lab id and sources not available ;hosted_url: Unknown; ','Not Hosted',NULL,NULL),(159,'In-flight Particle History Lab','aero02',6,1,1,NULL,NULL,NULL,NULL,NULL,'lab id and sources not available ;hosted_url: Unknown; ','Not Hosted',NULL,NULL),(160,'Aerospace Virtual laboratory','aero03',6,1,7,NULL,'https://github.com/Virtual-Labs/virtual-lab-aerospace-engg-iitk','http://vlae-iitk.vlabs.ac.in/',NULL,1,'lab id and sources not available','Not Hosted',NULL,1),(161,'Optical Device Characterizations','phy-sc30',6,11,1,NULL,NULL,'http://iitk.vlab.co.in/?sub=27&brch=80',NULL,NULL,'lab id and sources not available','Hosted',NULL,NULL),(162,'Low Temp Electrical Transport and Property Measurements','phy-sc31',6,11,1,NULL,NULL,'http://home.iitk.ac.in/~anjankg/virtual-lab/phy-ltl/Exp-1.htm',NULL,NULL,'lab id  and sources not available','Hosted',NULL,NULL),(163,'Mechanical Sciences - Liquid Crystal','mech43',6,10,1,NULL,NULL,NULL,NULL,2,'URL from vlab.co.in is not working for this lab, lab id and sources not available ;hosted_url: Unknown; ','Not Hosted',NULL,NULL),(164,'Thermal Processing and Microstructural Characterization','mat-sc01',6,14,1,NULL,NULL,'http://home.iitk.ac.in/~sangals/virtualLab/mechanicalTesting.html',NULL,NULL,'lab id and sources not available','Hosted',NULL,NULL),(165,'Binary Distillation','chem-engg03',5,3,1,NULL,NULL,'http://iitg.vlab.co.in/?sub=58&brch=160&sim=777&cnt=1',NULL,NULL,'.exe files provided as downloads to run experiments.','Hosted',NULL,NULL),(166,'Bio-reactor Modeling and Simulation Lab','bio15',3,12,4,NULL,'https://bitbucket.org/virtual-labs/bio15-bio15','http://iitd.vlab.co.in/?sub=63&brch=177',NULL,1,'None','Hosted',NULL,NULL),(167,'Electro Magnetic Transmission (Virtual MEMS Lab)','ece02',3,8,2,NULL,'https://bitbucket.org/virtual-labs/ece02-new1',NULL,NULL,NULL,'Seems to have been dropped ;hosted_url: Unknown; ','Not Hosted',NULL,NULL),(168,'Software Engineering','cse08',7,6,1,NULL,'https://bitbucket.org/virtual-labs/cse08-cse08','http://virtual-labs.ac.in/cse08/',NULL,1,'Sources are not versioned and structured, dependencies are not provided','Hosted',NULL,NULL),(169,'Computer Architecture and Organization','cse10',7,6,6,NULL,'https://bitbucket.org/virtual-labs/cse10-cse10','http://deploy.virtual-labs.ac.in/labs/cse10/',NULL,1,'Completed','Hosted',NULL,NULL),(170,'Advanced Network Technologies','cse28',7,6,1,NULL,'https://bitbucket.org/virtual-labs/cse28-test2','http://virtual-labs.ac.in/cse28/',NULL,1,'Sources are not versioned and structured, dependencies are not provided ','Hosted',NULL,NULL),(171,'Aerospace Structures Lab','ae01',8,1,5,NULL,'https://bitbucket.org/virtual-labs/ae01-aero',NULL,NULL,NULL,'Lab redirecting to same Index page. Test url is available: http://test.virtual-labs.ac.in/labs/ae01/ ;hosted_url: Unknown; ','Not Hosted',NULL,NULL),(172,'Engineering Electromagnetic Lab','ece08',3,8,2,NULL,'https://bitbucket.org/virtual-labs/ece08-ece08','http://iitd.vlab.co.in/?sub=65&brch=180',NULL,1,'Lab is hosted on vlab.co.in. \r\n.exe files provided as downloads','Hosted',NULL,NULL),(173,'Computational Linguistics','cse23',1,6,5,NULL,'https://bitbucket.org/virtual-labs/cse23-cl-vlab1','http://deploy.virtual-labs.ac.in/labs/cse23/',NULL,1,'None','Hosted',NULL,NULL),(174,'Structural Dynamics','eerc06',1,5,5,NULL,'https://bitbucket.org/virtual-labs/eerc06-cevl6/src','http://deploy.virtual-labs.ac.in/labs/eerc06/',NULL,1,'two experiments are not working','Not Hosted',NULL,NULL),(175,'Optical Remote Sensing','cse21',1,6,5,NULL,'https://bitbucket.org/virtual-labs/cse21-cse21_repo/src','http://deploy.virtual-labs.ac.in/labs/cse21/',NULL,1,'None','Hosted',NULL,NULL),(176,'Wireless Sensor Networks','cse25',1,6,1,NULL,NULL,NULL,NULL,NULL,'No information received ;hosted_url: Unknown; ','Not Hosted',NULL,NULL),(177,'Network Security','cse26',1,6,1,NULL,NULL,NULL,NULL,NULL,'No information received ;hosted_url: Unknown; ','Not Hosted',NULL,NULL),(178,'Laser Based Flow Diagnostics Laboratory','mech44',6,10,1,NULL,NULL,NULL,NULL,NULL,'URL from vlab.co.in is not working for this lab, lab id and sources not available ;hosted_url: Unknown; ','Not Hosted',NULL,NULL),(179,'Advanced Communication','ece34',9,8,1,NULL,NULL,'http://solve.nitk.ac.in/',NULL,NULL,'No link found for experiments, Hosted on vlab.co.in','Hosted',NULL,NULL),(180,'Virtual Power Laboratory','eee06',12,7,1,NULL,'https://github.com/Virtual-Labs/virtual-power-lab-dei',NULL,NULL,1,'javascript videos not working and not hosted on IIIT server ;hosted_url: ; ','Hosted',NULL,1),(181,'Metal Forming and Solid Mechanics','mech26',12,10,1,NULL,'https://bitbucket.org/virtual-labs/mech26-mech26/src','http://14.139.245.214/mfvlab/',NULL,1,'branching issues','Hosted',NULL,NULL),(182,'Virtual Chemistry Lab','chs12',12,3,7,NULL,'https://github.com/Virtual-Labs/virtual-chemistry-lab-dei',NULL,NULL,1,'Link not working, Not hosted on IIIT server ;hosted_url: ; ','Hosted',NULL,1),(183,'Surveying Lab','civil15',4,5,1,NULL,'https://github.com/Virtual-Labs/surveying-lab-iitr','http://www.vlabcivil-iitr.co.in/',NULL,1,'Sent mail, no info received, uses flash, hosted on vlab.co.in ;is_content_avail: Yes, http://www.vlabcivil-iitr.co.in/;  ;is_simulation_avail: Yes, http://www.vlabcivil-iitr.co.in/autolevel_mid.php; ','Hosted',NULL,1),(184,'Medical Signal and Image Processing','eee23',4,2,7,NULL,'https://github.com/Virtual-Labs/bio-medical-signal-and-image-processing-lab-iitr','http://bmsip-iitr.base1.vlabs.ac.in/',NULL,1,NULL,'Hosted',NULL,1),(185,'Machine Lab','eee24',4,10,7,NULL,'https://github.com/Virtual-Labs/electrical-machines-lab-iitr',NULL,NULL,1,'Labview Lab, Sent mail, Info not received. ;hosted_url: ; ','Hosted',NULL,1),(186,'Programming and Data Structure','cse03',7,6,1,NULL,NULL,NULL,NULL,1,'No information received ;hosted_url: iitkgp.vlab.co.in/index.php?sub=38&brch=119; ','Hosted',NULL,NULL),(187,'Digital Signal Processing Lab','ece06',7,8,1,NULL,'https://bitbucket.org/virtual-labs/ece06-dspvlab-latest/src/','http://iitkgp.vlab.co.in/?sub=37&brch=114',NULL,1,'not hosted properly ','Hosted',NULL,NULL),(188,'Digital Electronics Circuit Lab','ece07',7,8,1,NULL,NULL,NULL,NULL,1,'No information received regarding simulations ;hosted_url: iitkgp.vlab.co.in/?sub=37&brch=112; ','Hosted',NULL,NULL),(189,'Electronic design using DSP, FPGA, CPLD and Micro Controllers','ece04',2,8,1,NULL,'https://bitbucket.org/virtual-labs/ece04-fpga-lab/src','http://59.181.142.81/',NULL,NULL,'Unversioned, sources partially available. ;is_content_avail: Yes, on http://59.181.142.81; ','Hosted',NULL,NULL),(190,'Internet Based Virtual CNC Lab','mech45',2,10,1,NULL,NULL,NULL,NULL,2,'RT Lab under pilot phase  ;hosted_url: Unknown; ','Not Hosted',NULL,NULL),(191,'Control Systems/Magnetic Levitation System','chem-engg04',2,3,1,NULL,NULL,'http://iitb.vlab.co.in/?sub=8&brch=117&sim=959&cnt=2016',NULL,NULL,'lab id and sources are not available and hosted on amrita ;is_deployed: On Amrita;  ;is_content_avail: Yes, http://iitb.vlab.co.in/?sub=8&brch=117&sim=959&cnt=2016;  ;is_simulation_avail: Yes, On Amrita; ','Hosted',NULL,NULL),(192,'Mechanical Engineering Lab','mech46',2,10,1,NULL,NULL,NULL,NULL,NULL,'No information received, Link not working  ;hosted_url: Link is not working; ','Not Hosted',NULL,NULL),(193,'Microelectronics Lab','ece35',2,8,1,NULL,NULL,NULL,NULL,NULL,'No information received, Link redirecting to the same index page. ;hosted_url: Unknown; ','Not Hosted',NULL,NULL),(194,'Virtual Pulse, Switching and Analogue Circuits','ece36',2,8,1,NULL,NULL,NULL,NULL,NULL,'No information received, Link redirecting to the same index page. ;hosted_url: Unknown; ','Not Hosted',NULL,NULL),(195,'Electrical Conductivity','txtl02',3,12,1,NULL,'https://bitbucket.org/virtual-labs/txtl02-txtl02/src',NULL,NULL,NULL,'Mail sent, no reply  ;hosted_url: Unknown; ','Not Hosted',NULL,NULL),(196,'SEM Central Facility','txtl03',3,12,1,NULL,'https://bitbucket.org/virtual-labs/txtl03-txtl03/src',NULL,NULL,NULL,'No information received ;hosted_url: Unknown; ','Not Hosted',NULL,NULL),(197,'Biomedical Instrumentation Lab','biotech26',4,2,7,NULL,'https://github.com/Virtual-Labs/bio-medical-instrumentation-lab-iitr','http://bmi-iitr.vlabs.ac.in/',NULL,1,NULL,'Hosted',NULL,1),(198,'Virtual Interactive Lab','ee34',5,7,2,NULL,NULL,'http://iitg.vlab.co.in/?sub=72&brch=169',NULL,NULL,'lab id and sources are not available','Hosted',NULL,NULL),(199,'Ergonomics Lab for Assessing Physical Aspects of Design','dsgn-engg04',5,13,7,NULL,'https://github.com/Virtual-Labs/ergonomics-iitg','http://ergonomics-iitg.vlabs.ac.in/',NULL,1,'lab id and sources are not available','Hosted',NULL,1),(200,'Substation Automation Lab','ee30',9,7,1,NULL,NULL,'http://solve.nitk.ac.in/index.php?option=com_content&view=category&id=44:substationautomation&Itemid=102&layout=default',NULL,1,'lab id and sources are not available','Hosted',NULL,NULL),(201,'Advanced Pulse and Switching Lab','ece37',7,8,1,NULL,NULL,'http://basicelectronics.iitkgp.ernet.in/experiments.php?id=advanced',NULL,1,'lab id and sources are not available','Hosted',NULL,NULL),(202,'Information System Analysis and Design virtual Lab','cse32',7,6,1,NULL,NULL,'http://iitkgp.vlab.co.in/?sub=38&brch=122',NULL,1,'Not complete','Hosted',NULL,NULL),(203,'Semiconductor Devices Laboratory','ece38',7,8,1,NULL,NULL,'http://iitkgp.vlab.co.in/?sub=37&brch=259',NULL,NULL,'No experiments listed in the lab','Hosted',NULL,NULL),(204,'Plant Metabolic Pathways Virtual Laboratory','biotech24',7,2,1,NULL,NULL,'http://iitkgp.vlab.co.in/?sub=79&brch=262',NULL,1,'Developer not known','Hosted',NULL,NULL);
/*!40000 ALTER TABLE `labs` ENABLE KEYS */;
UNLOCK TABLES;

--
-- Table structure for table `technologies`
--

DROP TABLE IF EXISTS `technologies`;
/*!40101 SET @saved_cs_client     = @@character_set_client */;
/*!40101 SET character_set_client = utf8 */;
CREATE TABLE `technologies` (
  `id` int(11) NOT NULL AUTO_INCREMENT,
  `name` varchar(64) NOT NULL,
  `version` varchar(32) DEFAULT NULL,
  `foss` tinyint(1) DEFAULT NULL,
  PRIMARY KEY (`id`)
) ENGINE=InnoDB AUTO_INCREMENT=51 DEFAULT CHARSET=latin1;
/*!40101 SET character_set_client = @saved_cs_client */;

--
-- Dumping data for table `technologies`
--

LOCK TABLES `technologies` WRITE;
/*!40000 ALTER TABLE `technologies` DISABLE KEYS */;
INSERT INTO `technologies` VALUES (1,'php5',NULL,1),(2,'apache2',NULL,1),(3,'java',NULL,1),(4,'gcc',NULL,1),(5,'ubuntu12',NULL,1),(6,'g++',NULL,1),(7,'ia32-libs',NULL,1),(8,'NFS',NULL,1),(9,'ldap',NULL,NULL),(10,'make',NULL,NULL),(11,'m4',NULL,NULL),(12,'build-essetial',NULL,NULL),(13,'gfortran',NULL,NULL),(14,'Matpar server',NULL,NULL),(15,'sage',NULL,NULL),(16,'libssl-dev',NULL,NULL),(17,'libhighgui-dev',NULL,NULL),(18,'libhighgui2.3',NULL,NULL),(19,'libcv-dev',NULL,NULL),(20,'libcv2.3',NULL,NULL),(21,'javascript',NULL,1),(22,'flash',NULL,NULL),(23,'Labview',NULL,NULL),(24,'Scilab',NULL,1),(25,'ngspice',NULL,NULL),(26,'imagemagick',NULL,NULL),(27,'PSIM software',NULL,NULL),(28,'mysql',NULL,NULL),(29,'graphviz',NULL,NULL),(30,'django',NULL,1),(31,'joomla',NULL,1),(32,'tomcat server',NULL,1),(33,'java applets',NULL,NULL),(34,'Origin pro',NULL,NULL),(35,'Ocean optics',NULL,1),(36,'FLUOVIEW',NULL,NULL),(37,'flash plugin',NULL,NULL),(38,'icedtea plugin',NULL,1),(39,'java3d',NULL,NULL),(40,'php5-gd',NULL,NULL),(41,'php',NULL,1),(42,'apache',NULL,1),(43,'html',NULL,1),(44,'windows',NULL,NULL),(45,'Labview 8.6',NULL,NULL),(46,'Labview 8.5',NULL,NULL),(47,'apache3',NULL,1),(48,'python',NULL,1),(49,'java plugin',NULL,NULL),(50,'matlab',NULL,NULL);
/*!40000 ALTER TABLE `technologies` ENABLE KEYS */;
UNLOCK TABLES;

--
-- Table structure for table `technologies_used_expt`
--

DROP TABLE IF EXISTS `technologies_used_expt`;
/*!40101 SET @saved_cs_client     = @@character_set_client */;
/*!40101 SET character_set_client = utf8 */;
CREATE TABLE `technologies_used_expt` (
  `expt_id` int(11) DEFAULT NULL,
  `tech_id` int(11) DEFAULT NULL,
  KEY `expt_id` (`expt_id`),
  KEY `tech_id` (`tech_id`),
  CONSTRAINT `technologies_used_expt_ibfk_1` FOREIGN KEY (`expt_id`) REFERENCES `experiments` (`id`),
  CONSTRAINT `technologies_used_expt_ibfk_2` FOREIGN KEY (`tech_id`) REFERENCES `technologies` (`id`)
) ENGINE=InnoDB DEFAULT CHARSET=latin1;
/*!40101 SET character_set_client = @saved_cs_client */;

--
-- Dumping data for table `technologies_used_expt`
--

LOCK TABLES `technologies_used_expt` WRITE;
/*!40000 ALTER TABLE `technologies_used_expt` DISABLE KEYS */;
/*!40000 ALTER TABLE `technologies_used_expt` ENABLE KEYS */;
UNLOCK TABLES;

--
-- Table structure for table `technologies_used_labs`
--

DROP TABLE IF EXISTS `technologies_used_labs`;
/*!40101 SET @saved_cs_client     = @@character_set_client */;
/*!40101 SET character_set_client = utf8 */;
CREATE TABLE `technologies_used_labs` (
  `lab_id` int(11) DEFAULT NULL,
  `tech_id` int(11) DEFAULT NULL,
  KEY `lab_id` (`lab_id`),
  KEY `tech_id` (`tech_id`),
  CONSTRAINT `technologies_used_labs_ibfk_1` FOREIGN KEY (`lab_id`) REFERENCES `labs` (`id`),
  CONSTRAINT `technologies_used_labs_ibfk_2` FOREIGN KEY (`tech_id`) REFERENCES `technologies` (`id`)
) ENGINE=InnoDB DEFAULT CHARSET=latin1;
/*!40101 SET character_set_client = @saved_cs_client */;

--
-- Dumping data for table `technologies_used_labs`
--

LOCK TABLES `technologies_used_labs` WRITE;
/*!40000 ALTER TABLE `technologies_used_labs` DISABLE KEYS */;
INSERT INTO `technologies_used_labs` VALUES (1,1),(1,2),(1,37),(2,1),(2,2),(2,3),(2,38),(3,5),(3,1),(3,2),(3,7),(3,4),(3,6),(4,8),(4,9),(5,5),(5,10),(5,11),(5,12),(5,4),(5,13),(5,16),(5,15),(6,5),(6,10),(6,11),(6,12),(6,4),(6,13),(6,16),(6,15),(7,9),(7,8),(8,5),(8,1),(8,2),(8,14),(9,5),(9,1),(9,2),(9,3),(9,39),(10,3),(10,39),(11,1),(11,2),(11,3),(11,38),(12,1),(12,2),(12,3),(12,38),(13,1),(13,2),(13,3),(13,38),(14,1),(14,2),(15,17),(15,18),(15,19),(15,20),(15,40),(16,1),(16,2),(17,3),(17,41),(17,42),(17,38),(18,1),(18,2),(19,21),(19,43),(20,3),(20,38),(21,1),(21,2),(21,3),(21,39),(21,28),(22,22),(22,3),(22,37),(22,38),(23,22),(23,3),(23,37),(23,38),(24,22),(24,3),(24,37),(24,38),(25,22),(25,3),(25,37),(25,38),(26,22),(26,41),(26,42),(26,37),(27,22),(27,41),(27,42),(27,37),(28,22),(28,41),(28,42),(28,37),(29,41),(29,42),(29,3),(29,38),(30,3),(30,38),(31,22),(31,3),(31,38),(31,37),(32,3),(32,38),(33,3),(33,38),(34,3),(35,21),(35,43),(36,21),(36,43),(37,21),(37,43),(38,21),(38,43),(39,21),(39,43),(40,21),(40,43),(41,21),(41,43),(42,21),(42,43),(43,22),(43,37),(44,44),(44,23),(45,24),(46,25),(46,26),(47,23),(48,22),(48,37),(49,44),(49,1),(49,47),(49,23),(50,22),(50,37),(51,21),(52,22),(52,37),(53,44),(53,1),(53,2),(53,46),(55,1),(55,2),(55,3),(55,38),(56,44),(56,27),(62,31),(62,28),(62,22),(63,31),(63,28),(63,22),(64,31),(64,28),(64,22),(65,31),(65,28),(65,22),(66,31),(66,28),(66,22),(67,21),(67,41),(68,1),(68,2),(68,3),(68,49),(69,44),(69,32),(70,41),(70,33),(70,28),(71,23),(71,34),(71,35),(71,36),(71,41),(72,44),(72,23),(72,28),(73,45),(74,43),(75,1),(75,2),(76,44),(76,23),(77,41),(77,28),(82,22),(82,3),(82,37),(82,38),(166,1),(166,2),(166,22),(166,37),(168,48),(168,29),(168,28),(168,30),(168,2),(168,37),(169,1),(169,2),(169,3),(169,38),(170,48),(170,29),(170,28),(170,30),(170,2),(170,37),(171,22),(171,37),(172,44),(172,23),(174,22),(174,5),(175,5),(184,23);
/*!40000 ALTER TABLE `technologies_used_labs` ENABLE KEYS */;
UNLOCK TABLES;

--
-- Table structure for table `type_of_labs`
--

DROP TABLE IF EXISTS `type_of_labs`;
/*!40101 SET @saved_cs_client     = @@character_set_client */;
/*!40101 SET character_set_client = utf8 */;
CREATE TABLE `type_of_labs` (
  `id` int(11) NOT NULL AUTO_INCREMENT,
  `type` varchar(64) NOT NULL,
  PRIMARY KEY (`id`),
  UNIQUE KEY `type` (`type`)
) ENGINE=InnoDB AUTO_INCREMENT=5 DEFAULT CHARSET=latin1;
/*!40101 SET character_set_client = @saved_cs_client */;

--
-- Dumping data for table `type_of_labs`
--

LOCK TABLES `type_of_labs` WRITE;
/*!40000 ALTER TABLE `type_of_labs` DISABLE KEYS */;
INSERT INTO `type_of_labs` VALUES (4,'Pilot Phase'),(2,'Remote Triggered'),(1,'Simulation'),(3,'Simulation and Remote Triggered');
/*!40000 ALTER TABLE `type_of_labs` ENABLE KEYS */;
UNLOCK TABLES;
/*!40103 SET TIME_ZONE=@OLD_TIME_ZONE */;

/*!40101 SET SQL_MODE=@OLD_SQL_MODE */;
/*!40014 SET FOREIGN_KEY_CHECKS=@OLD_FOREIGN_KEY_CHECKS */;
/*!40014 SET UNIQUE_CHECKS=@OLD_UNIQUE_CHECKS */;
/*!40101 SET CHARACTER_SET_CLIENT=@OLD_CHARACTER_SET_CLIENT */;
/*!40101 SET CHARACTER_SET_RESULTS=@OLD_CHARACTER_SET_RESULTS */;
/*!40101 SET COLLATION_CONNECTION=@OLD_COLLATION_CONNECTION */;
/*!40111 SET SQL_NOTES=@OLD_SQL_NOTES */;

-- Dump completed on 2016-01-29 13:24:00
